algorithm,n,structure,element_type,runs,mean_ms,min_ms,max_ms
bubble_sort,20,random,int,500,0.0387,0.0184,0.3705
bucket_sort,20,random,int,500,0.0128,0.0104,0.0437
comb_sort,20,random,int,500,0.0133,0.011,0.2577
counting_sort,20,random,int,500,0.0433,0.0292,0.2139
heap_sort,20,random,int,500,0.0266,0.0219,0.1712
insertion_sort,20,random,int,500,0.0194,0.0129,0.0934
intro_sort,20,random,int,500,0.0185,0.0098,0.2079
merge_sort,20,random,int,500,0.0455,0.0222,0.4523
merge_sort_iterative,20,random,int,500,0.0341,0.0238,0.1766
patience_sort,20,random,int,500,0.0201,0.0128,0.0979
quick_sort,20,random,int,500,0.02,0.0105,0.2153
radix_sort,20,random,int,500,0.0314,0.0235,0.1546
selection_sort,20,random,int,500,0.0264,0.0145,0.0948
shell_sort,20,random,int,500,0.0329,0.0125,0.6826
tim_sort,20,random,int,500,0.0016,0.0011,0.016
bubble_sort,20,sorted,int,500,0.0039,0.0016,0.0367
bucket_sort,20,sorted,int,500,0.0192,0.0115,0.1014
comb_sort,20,sorted,int,500,0.0243,0.0078,0.2357
counting_sort,20,sorted,int,500,0.0811,0.0301,2.7104
heap_sort,20,sorted,int,500,0.0466,0.0211,0.1372
insertion_sort,20,sorted,int,500,0.0082,0.0075,0.0232
intro_sort,20,sorted,int,500,0.0163,0.0122,0.0618
merge_sort,20,sorted,int,500,0.0608,0.0238,1.1927
merge_sort_iterative,20,sorted,int,500,0.0371,0.0264,0.1524
patience_sort,20,sorted,int,500,0.0332,0.0181,0.2141
quick_sort,20,sorted,int,500,0.0232,0.0102,0.1361
radix_sort,20,sorted,int,500,0.0665,0.0228,0.3177
selection_sort,20,sorted,int,500,0.019,0.0123,0.2867
shell_sort,20,sorted,int,500,0.0069,0.0064,0.0284
tim_sort,20,sorted,int,500,0.0008,0.0005,0.0153
bubble_sort,20,reverse,int,500,0.0468,0.0255,0.2314
bucket_sort,20,reverse,int,500,0.0172,0.0111,0.1442
comb_sort,20,reverse,int,500,0.0116,0.0102,0.0424
counting_sort,20,reverse,int,500,0.0628,0.0298,0.2315
heap_sort,20,reverse,int,500,0.0249,0.0168,0.2107
insertion_sort,20,reverse,int,500,0.028,0.0164,0.2157
intro_sort,20,reverse,int,500,0.0234,0.0103,0.3284
merge_sort,20,reverse,int,500,0.0765,0.0267,0.779
merge_sort_iterative,20,reverse,int,500,0.0928,0.0262,4.7361
patience_sort,20,reverse,int,500,0.0178,0.0137,0.0532
quick_sort,20,reverse,int,500,0.0273,0.0121,0.3627
radix_sort,20,reverse,int,500,0.0381,0.0226,0.1723
selection_sort,20,reverse,int,500,0.0246,0.0127,0.2609
shell_sort,20,reverse,int,500,0.0267,0.01,0.1574
tim_sort,20,reverse,int,500,0.0007,0.0004,0.0189
bubble_sort,20,almost_sorted,int,500,0.0162,0.0105,0.0649
bucket_sort,20,almost_sorted,int,500,0.026,0.0112,0.6044
comb_sort,20,almost_sorted,int,500,0.0247,0.0104,0.1215
counting_sort,20,almost_sorted,int,500,0.0452,0.0309,0.3474
heap_sort,20,almost_sorted,int,500,0.029,0.0222,0.1352
insertion_sort,20,almost_sorted,int,500,0.0086,0.0042,0.0572
intro_sort,20,almost_sorted,int,500,0.0098,0.007,0.0242
merge_sort,20,almost_sorted,int,500,0.041,0.0231,0.2137
merge_sort_iterative,20,almost_sorted,int,500,0.0356,0.0253,0.2078
patience_sort,20,almost_sorted,int,500,0.0229,0.0163,0.1235
quick_sort,20,almost_sorted,int,500,0.0128,0.0101,0.0548
radix_sort,20,almost_sorted,int,500,0.0278,0.0212,0.1007
selection_sort,20,almost_sorted,int,500,0.0183,0.0111,0.0973
shell_sort,20,almost_sorted,int,500,0.0101,0.007,0.0307
tim_sort,20,almost_sorted,int,500,0.001,0.0005,0.0035
bubble_sort,20,half_sorted,int,500,0.0351,0.0182,0.3196
bucket_sort,20,half_sorted,int,500,0.0202,0.0124,0.1588
comb_sort,20,half_sorted,int,500,0.0235,0.0112,0.1284
counting_sort,20,half_sorted,int,500,0.0476,0.0297,0.638
heap_sort,20,half_sorted,int,500,0.0469,0.0205,0.5524
insertion_sort,20,half_sorted,int,500,0.0167,0.0094,0.0974
intro_sort,20,half_sorted,int,500,0.0254,0.0089,0.0594
merge_sort,20,half_sorted,int,500,0.0281,0.0235,0.0996
merge_sort_iterative,20,half_sorted,int,500,0.0476,0.0245,0.1499
patience_sort,20,half_sorted,int,500,0.0235,0.0185,0.0965
quick_sort,20,half_sorted,int,500,0.0135,0.0119,0.071
radix_sort,20,half_sorted,int,500,0.033,0.0227,0.1468
selection_sort,20,half_sorted,int,500,0.0197,0.0125,0.0627
shell_sort,20,half_sorted,int,500,0.0152,0.0089,0.049
tim_sort,20,half_sorted,int,500,0.0012,0.0006,0.0128
bubble_sort,20,flat,int,500,0.0285,0.017,0.3704
bucket_sort,20,flat,int,500,0.0144,0.0109,0.0447
comb_sort,20,flat,int,500,0.0219,0.0107,0.2345
counting_sort,20,flat,int,500,0.0069,0.0035,0.0343
heap_sort,20,flat,int,500,0.0382,0.0176,0.131
insertion_sort,20,flat,int,500,0.033,0.01,1.4128
intro_sort,20,flat,int,500,0.0212,0.0067,0.4903
merge_sort,20,flat,int,500,0.05,0.0264,0.1288
merge_sort_iterative,20,flat,int,500,0.0594,0.0305,2.0672
patience_sort,20,flat,int,500,0.0246,0.0154,0.339
quick_sort,20,flat,int,500,0.03,0.0149,0.1722
radix_sort,20,flat,int,500,0.0084,0.0078,0.0306
selection_sort,20,flat,int,500,0.0193,0.0115,0.1315
shell_sort,20,flat,int,500,0.0095,0.0089,0.0327
tim_sort,20,flat,int,500,0.0009,0.0006,0.016
bubble_sort,30,random,int,500,0.0554,0.0374,0.2899
bucket_sort,30,random,int,500,0.0239,0.0169,0.1288
comb_sort,30,random,int,500,0.0273,0.0183,0.2271
counting_sort,30,random,int,500,0.0844,0.0496,0.554
heap_sort,30,random,int,500,0.0721,0.0346,0.2749
insertion_sort,30,random,int,500,0.0256,0.0213,0.0944
intro_sort,30,random,int,500,0.0314,0.0154,0.1298
merge_sort,30,random,int,500,0.057,0.0376,0.2348
merge_sort_iterative,30,random,int,500,0.0477,0.0388,0.1761
patience_sort,30,random,int,500,0.0289,0.0208,0.0972
quick_sort,30,random,int,500,0.0268,0.0165,0.1472
radix_sort,30,random,int,500,0.0417,0.0305,0.1819
selection_sort,30,random,int,500,0.0639,0.023,0.5341
shell_sort,30,random,int,500,0.0503,0.0157,1.0223
tim_sort,30,random,int,500,0.0023,0.001,0.2262
bubble_sort,30,sorted,int,500,0.0029,0.0022,0.0222
bucket_sort,30,sorted,int,500,0.0278,0.0176,0.2631
comb_sort,30,sorted,int,500,0.0235,0.0122,0.0971
counting_sort,30,sorted,int,500,0.0944,0.0489,0.3405
heap_sort,30,sorted,int,500,0.0564,0.035,3.0815
insertion_sort,30,sorted,int,500,0.0058,0.0031,0.0546
intro_sort,30,sorted,int,500,0.0072,0.0061,0.0444
merge_sort,30,sorted,int,500,0.0459,0.0336,0.155
merge_sort_iterative,30,sorted,int,500,0.0516,0.0349,0.3202
patience_sort,30,sorted,int,500,0.0355,0.0264,0.2052
quick_sort,30,sorted,int,500,0.021,0.0146,0.1289
radix_sort,30,sorted,int,500,0.0546,0.0331,0.3646
selection_sort,30,sorted,int,500,0.0373,0.0235,0.1219
shell_sort,30,sorted,int,500,0.0206,0.0088,0.0777
tim_sort,30,sorted,int,500,0.0007,0.0004,0.0039
bubble_sort,30,reverse,int,500,0.0948,0.0508,0.2563
bucket_sort,30,reverse,int,500,0.0442,0.0396,0.0612
comb_sort,30,reverse,int,500,0.0191,0.0171,0.079
counting_sort,30,reverse,int,500,0.1061,0.047,0.2156
heap_sort,30,reverse,int,500,0.0392,0.0291,0.1537
insertion_sort,30,reverse,int,500,0.0428,0.0359,0.1733
intro_sort,30,reverse,int,500,0.0245,0.0189,0.0831
merge_sort,30,reverse,int,500,0.0441,0.0351,0.1539
merge_sort_iterative,30,reverse,int,500,0.0425,0.0346,0.213
patience_sort,30,reverse,int,500,0.029,0.0172,0.2432
quick_sort,30,reverse,int,500,0.0343,0.0209,0.4673
radix_sort,30,reverse,int,500,0.0456,0.0343,0.1354
selection_sort,30,reverse,int,500,0.0315,0.0205,0.285
shell_sort,30,reverse,int,500,0.0187,0.0114,0.1062
tim_sort,30,reverse,int,500,0.0005,0.0004,0.0035
bubble_sort,30,almost_sorted,int,500,0.031,0.0192,0.147
bucket_sort,30,almost_sorted,int,500,0.0157,0.0143,0.0462
comb_sort,30,almost_sorted,int,500,0.0239,0.0128,0.1876
counting_sort,30,almost_sorted,int,500,0.0537,0.0407,0.1587
heap_sort,30,almost_sorted,int,500,0.0434,0.0329,0.1614
insertion_sort,30,almost_sorted,int,500,0.0065,0.0056,0.0205
intro_sort,30,almost_sorted,int,500,0.0095,0.0059,0.0749
merge_sort,30,almost_sorted,int,500,0.048,0.0342,0.1541
merge_sort_iterative,30,almost_sorted,int,500,0.0475,0.0372,0.2466
patience_sort,30,almost_sorted,int,500,0.0462,0.0265,1.1056
quick_sort,30,almost_sorted,int,500,0.0203,0.0136,0.1054
radix_sort,30,almost_sorted,int,500,0.0412,0.0289,0.1745
selection_sort,30,almost_sorted,int,500,0.0333,0.0212,0.2264
shell_sort,30,almost_sorted,int,500,0.022,0.0105,0.2522
tim_sort,30,almost_sorted,int,500,0.0014,0.0011,0.0049
bubble_sort,30,half_sorted,int,500,0.043,0.0316,0.1878
bucket_sort,30,half_sorted,int,500,0.0228,0.0148,0.0908
comb_sort,30,half_sorted,int,500,0.0205,0.0164,0.0813
counting_sort,30,half_sorted,int,500,0.0731,0.0471,0.2748
heap_sort,30,half_sorted,int,500,0.0507,0.0325,0.1641
insertion_sort,30,half_sorted,int,500,0.0188,0.0139,0.4736
intro_sort,30,half_sorted,int,500,0.0255,0.0118,0.0852
merge_sort,30,half_sorted,int,500,0.0512,0.037,0.2087
merge_sort_iterative,30,half_sorted,int,500,0.059,0.0377,0.3163
patience_sort,30,half_sorted,int,500,0.0361,0.0267,0.159
quick_sort,30,half_sorted,int,500,0.0249,0.0163,0.1404
radix_sort,30,half_sorted,int,500,0.0489,0.0302,0.2038
selection_sort,30,half_sorted,int,500,0.0473,0.0255,0.2824
shell_sort,30,half_sorted,int,500,0.0174,0.0143,0.0605
tim_sort,30,half_sorted,int,500,0.0012,0.0007,0.0182
bubble_sort,30,flat,int,500,0.0647,0.0343,0.1893
bucket_sort,30,flat,int,500,0.019,0.014,0.0796
comb_sort,30,flat,int,500,0.0211,0.0143,0.0916
counting_sort,30,flat,int,500,0.0088,0.0042,0.048
heap_sort,30,flat,int,500,0.0371,0.0283,0.2053
insertion_sort,30,flat,int,500,0.0182,0.0158,0.1256
intro_sort,30,flat,int,500,0.0127,0.0114,0.0537
merge_sort,30,flat,int,500,0.0497,0.041,0.1593
merge_sort_iterative,30,flat,int,500,0.0626,0.0474,0.2373
patience_sort,30,flat,int,500,0.0386,0.0282,0.1479
quick_sort,30,flat,int,500,0.0473,0.0209,0.2123
radix_sort,30,flat,int,500,0.0212,0.0091,0.1555
selection_sort,30,flat,int,500,0.0293,0.0218,0.18
shell_sort,30,flat,int,500,0.0181,0.0124,0.0603
tim_sort,30,flat,int,500,0.0015,0.0009,0.0357
bubble_sort,50,random,int,500,0.1178,0.1048,0.546
bucket_sort,50,random,int,500,0.0329,0.026,0.1434
comb_sort,50,random,int,500,0.041,0.0343,0.1643
counting_sort,50,random,int,500,0.1226,0.0745,0.3568
heap_sort,50,random,int,500,0.0707,0.0495,0.2608
insertion_sort,50,random,int,500,0.0608,0.0475,0.3633
intro_sort,50,random,int,500,0.0381,0.0296,0.1768
merge_sort,50,random,int,500,0.1109,0.0859,0.5571
merge_sort_iterative,50,random,int,500,0.0988,0.0722,0.4159
patience_sort,50,random,int,500,0.059,0.0445,0.2429
quick_sort,50,random,int,500,0.051,0.0359,0.2152
radix_sort,50,random,int,500,0.0983,0.0526,0.4021
selection_sort,50,random,int,500,0.0854,0.0687,0.3167
shell_sort,50,random,int,500,0.0594,0.0342,0.452
tim_sort,50,random,int,500,0.0021,0.0015,0.0077
bubble_sort,50,sorted,int,500,0.01,0.009,0.0319
bucket_sort,50,sorted,int,500,0.0549,0.0239,0.4056
comb_sort,50,sorted,int,500,0.0573,0.0225,0.2245
counting_sort,50,sorted,int,500,0.1714,0.0942,3.5219
heap_sort,50,sorted,int,500,0.1286,0.0794,0.5071
insertion_sort,50,sorted,int,500,0.0143,0.0055,0.6644
intro_sort,50,sorted,int,500,0.0244,0.0138,0.069
merge_sort,50,sorted,int,500,0.1034,0.0613,0.4186
merge_sort_iterative,50,sorted,int,500,0.1187,0.0646,0.3014
patience_sort,50,sorted,int,500,0.0522,0.0471,0.1633
quick_sort,50,sorted,int,500,0.033,0.0247,0.1543
radix_sort,50,sorted,int,500,0.0545,0.0442,0.1721
selection_sort,50,sorted,int,500,0.0616,0.0524,0.2857
shell_sort,50,sorted,int,500,0.0321,0.0168,0.1293
tim_sort,50,sorted,int,500,0.0009,0.0005,0.0162
bubble_sort,50,reverse,int,500,0.1919,0.1291,1.1848
bucket_sort,50,reverse,int,500,0.0259,0.0239,0.0412
comb_sort,50,reverse,int,500,0.039,0.0271,0.1809
counting_sort,50,reverse,int,500,0.0918,0.07,0.3074
heap_sort,50,reverse,int,500,0.0726,0.052,0.2461
insertion_sort,50,reverse,int,500,0.1237,0.0961,0.5041
intro_sort,50,reverse,int,500,0.0473,0.0301,0.1733
merge_sort,50,reverse,int,500,0.0807,0.058,0.2986
merge_sort_iterative,50,reverse,int,500,0.0739,0.0591,1.01
patience_sort,50,reverse,int,500,0.0373,0.0264,0.2663
quick_sort,50,reverse,int,500,0.0374,0.0311,0.2298
radix_sort,50,reverse,int,500,0.0579,0.0465,0.3301
selection_sort,50,reverse,int,500,0.0677,0.0607,0.3582
shell_sort,50,reverse,int,500,0.0431,0.027,0.2582
tim_sort,50,reverse,int,500,0.0013,0.001,0.0063
bubble_sort,50,almost_sorted,int,500,0.0629,0.0405,0.3795
bucket_sort,50,almost_sorted,int,500,0.0481,0.0293,0.216
comb_sort,50,almost_sorted,int,500,0.0347,0.0215,0.1709
counting_sort,50,almost_sorted,int,500,0.1017,0.0745,0.4214
heap_sort,50,almost_sorted,int,500,0.0998,0.0633,0.4065
insertion_sort,50,almost_sorted,int,500,0.0228,0.0069,0.2357
intro_sort,50,almost_sorted,int,500,0.0322,0.0125,0.0907
merge_sort,50,almost_sorted,int,500,0.0901,0.0574,0.2929
merge_sort_iterative,50,almost_sorted,int,500,0.0909,0.066,0.2933
patience_sort,50,almost_sorted,int,500,0.0594,0.0457,0.1838
quick_sort,50,almost_sorted,int,500,0.0346,0.0279,0.1084
radix_sort,50,almost_sorted,int,500,0.0658,0.0499,0.2374
selection_sort,50,almost_sorted,int,500,0.0724,0.0525,0.3658
shell_sort,50,almost_sorted,int,500,0.0304,0.0176,0.2361
tim_sort,50,almost_sorted,int,500,0.0013,0.001,0.0051
bubble_sort,50,half_sorted,int,500,0.1057,0.0814,0.4044
bucket_sort,50,half_sorted,int,500,0.0273,0.0265,0.0553
comb_sort,50,half_sorted,int,500,0.0409,0.0323,0.3446
counting_sort,50,half_sorted,int,500,0.088,0.0745,0.2526
heap_sort,50,half_sorted,int,500,0.0823,0.0574,0.3043
insertion_sort,50,half_sorted,int,500,0.0402,0.032,0.2104
intro_sort,50,half_sorted,int,500,0.0433,0.0237,0.1482
merge_sort,50,half_sorted,int,500,0.0794,0.0621,0.2938
merge_sort_iterative,50,half_sorted,int,500,0.0829,0.0644,0.2858
patience_sort,50,half_sorted,int,500,0.0565,0.0477,0.3192
quick_sort,50,half_sorted,int,500,0.0378,0.0307,0.1541
radix_sort,50,half_sorted,int,500,0.066,0.0493,0.3703
selection_sort,50,half_sorted,int,500,0.0863,0.0531,0.8616
shell_sort,50,half_sorted,int,500,0.0377,0.0278,0.198
tim_sort,50,half_sorted,int,500,0.0014,0.0011,0.0061
bubble_sort,50,flat,int,500,0.1007,0.0881,0.4346
bucket_sort,50,flat,int,500,0.0293,0.0233,0.0789
comb_sort,50,flat,int,500,0.0324,0.0261,0.1428
counting_sort,50,flat,int,500,0.0064,0.0058,0.0218
heap_sort,50,flat,int,500,0.0924,0.0527,0.7535
insertion_sort,50,flat,int,500,0.063,0.0397,0.3106
intro_sort,50,flat,int,500,0.0352,0.02,0.2005
merge_sort,50,flat,int,500,0.0936,0.0676,0.5077
merge_sort_iterative,50,flat,int,500,0.1291,0.0732,0.495
patience_sort,50,flat,int,500,0.0644,0.0468,0.2571
quick_sort,50,flat,int,500,0.0829,0.0506,0.3192
radix_sort,50,flat,int,500,0.0197,0.0164,0.071
selection_sort,50,flat,int,500,0.0837,0.0601,0.3566
shell_sort,50,flat,int,500,0.0245,0.0224,0.1049
tim_sort,50,flat,int,500,0.0021,0.0015,0.0379
bubble_sort,100,random,int,200,0.5357,0.3909,6.1744
bucket_sort,100,random,int,200,0.0744,0.0513,0.4891
comb_sort,100,random,int,200,0.1481,0.0778,0.3522
counting_sort,100,random,int,200,0.2523,0.1671,0.9417
heap_sort,100,random,int,200,0.1916,0.1436,0.8615
insertion_sort,100,random,int,200,0.257,0.2044,0.9153
intro_sort,100,random,int,200,0.0701,0.0597,0.3059
merge_sort,100,random,int,200,0.2273,0.1683,0.7253
merge_sort_iterative,100,random,int,200,0.2334,0.1803,0.7639
patience_sort,100,random,int,200,0.1143,0.0967,0.5251
quick_sort,100,random,int,200,0.1095,0.0778,0.4433
radix_sort,100,random,int,200,0.1399,0.0997,0.5034
selection_sort,100,random,int,200,0.2879,0.1788,1.0506
shell_sort,100,random,int,200,0.0917,0.0722,0.3133
tim_sort,100,random,int,200,0.0036,0.003,0.0151
bubble_sort,100,sorted,int,200,0.0053,0.0049,0.015
bucket_sort,100,sorted,int,200,0.0797,0.0455,0.2738
comb_sort,100,sorted,int,200,0.058,0.043,0.2576
counting_sort,100,sorted,int,200,0.2503,0.1517,1.031
heap_sort,100,sorted,int,200,0.1996,0.1571,0.8858
insertion_sort,100,sorted,int,200,0.0151,0.0102,0.0515
intro_sort,100,sorted,int,200,0.0327,0.0301,0.091
merge_sort,100,sorted,int,200,0.1845,0.1246,0.4538
merge_sort_iterative,100,sorted,int,200,0.2398,0.135,0.9628
patience_sort,100,sorted,int,200,0.2164,0.1079,0.4914
quick_sort,100,sorted,int,200,0.1697,0.0639,0.369
radix_sort,100,sorted,int,200,0.1773,0.0931,0.6424
selection_sort,100,sorted,int,200,0.3383,0.2061,1.1518
shell_sort,100,sorted,int,200,0.0684,0.0413,0.2264
tim_sort,100,sorted,int,200,0.0017,0.0011,0.0164
bubble_sort,100,reverse,int,200,0.6619,0.5274,2.5929
bucket_sort,100,reverse,int,200,0.082,0.0507,0.4845
comb_sort,100,reverse,int,200,0.1533,0.0642,0.4291
counting_sort,100,reverse,int,200,0.3438,0.1935,0.7723
heap_sort,100,reverse,int,200,0.1967,0.1452,0.7832
insertion_sort,100,reverse,int,200,0.5765,0.4313,1.9118
intro_sort,100,reverse,int,200,0.0872,0.0728,0.4481
merge_sort,100,reverse,int,200,0.16,0.1343,0.4597
merge_sort_iterative,100,reverse,int,200,0.1634,0.1427,0.4534
patience_sort,100,reverse,int,200,0.0645,0.0508,0.2446
quick_sort,100,reverse,int,200,0.0986,0.0734,0.3567
radix_sort,100,reverse,int,200,0.1529,0.0882,0.3878
selection_sort,100,reverse,int,200,0.2698,0.191,2.3404
shell_sort,100,reverse,int,200,0.1467,0.0592,0.4406
tim_sort,100,reverse,int,200,0.0015,0.0011,0.0055
bubble_sort,100,almost_sorted,int,200,0.2577,0.1882,2.2113
bucket_sort,100,almost_sorted,int,200,0.0767,0.0449,0.1699
comb_sort,100,almost_sorted,int,200,0.0713,0.0528,0.2567
counting_sort,100,almost_sorted,int,200,0.2197,0.1654,0.6035
heap_sort,100,almost_sorted,int,200,0.2605,0.1433,0.647
insertion_sort,100,almost_sorted,int,200,0.048,0.0203,0.1315
intro_sort,100,almost_sorted,int,200,0.0409,0.03,0.1455
merge_sort,100,almost_sorted,int,200,0.1859,0.139,0.5315
merge_sort_iterative,100,almost_sorted,int,200,0.225,0.1442,0.5616
patience_sort,100,almost_sorted,int,200,0.1625,0.1097,0.455
quick_sort,100,almost_sorted,int,200,0.1034,0.0608,0.4467
radix_sort,100,almost_sorted,int,200,0.1407,0.0958,0.4478
selection_sort,100,almost_sorted,int,200,0.2485,0.1876,1.0148
shell_sort,100,almost_sorted,int,200,0.0955,0.0641,0.4973
tim_sort,100,almost_sorted,int,200,0.0028,0.0021,0.0084
bubble_sort,100,half_sorted,int,200,0.4754,0.3144,1.5646
bucket_sort,100,half_sorted,int,200,0.0717,0.0546,0.3568
comb_sort,100,half_sorted,int,200,0.1145,0.0799,0.3619
counting_sort,100,half_sorted,int,200,0.2137,0.1747,0.568
heap_sort,100,half_sorted,int,200,0.1814,0.1414,0.6166
insertion_sort,100,half_sorted,int,200,0.1939,0.135,0.6368
intro_sort,100,half_sorted,int,200,0.0536,0.0431,0.1679
merge_sort,100,half_sorted,int,200,0.1611,0.129,0.4875
merge_sort_iterative,100,half_sorted,int,200,0.1931,0.1399,0.532
patience_sort,100,half_sorted,int,200,0.1314,0.0991,0.3924
quick_sort,100,half_sorted,int,200,0.0743,0.0654,0.2864
radix_sort,100,half_sorted,int,200,0.1031,0.0849,0.3251
selection_sort,100,half_sorted,int,200,0.2796,0.1892,0.8862
shell_sort,100,half_sorted,int,200,0.0937,0.0774,0.3183
tim_sort,100,half_sorted,int,200,0.0068,0.0027,0.1351
bubble_sort,100,flat,int,200,0.4896,0.3379,1.7838
bucket_sort,100,flat,int,200,0.053,0.0458,0.1352
comb_sort,100,flat,int,200,0.1101,0.0551,0.4971
counting_sort,100,flat,int,200,0.0146,0.0104,0.1
heap_sort,100,flat,int,200,0.134,0.1156,0.4443
insertion_sort,100,flat,int,200,0.2012,0.1509,0.7231
intro_sort,100,flat,int,200,0.0642,0.0566,0.2869
merge_sort,100,flat,int,200,0.2032,0.1479,0.6312
merge_sort_iterative,100,flat,int,200,0.2234,0.1616,0.5819
patience_sort,100,flat,int,200,0.1265,0.0947,0.4837
quick_sort,100,flat,int,200,0.1919,0.1386,0.6709
radix_sort,100,flat,int,200,0.0371,0.0299,0.1063
selection_sort,100,flat,int,200,0.301,0.2118,0.9652
shell_sort,100,flat,int,200,0.0619,0.0597,0.1009
tim_sort,100,flat,int,200,0.006,0.0033,0.0892
bubble_sort,1000,random,int,20,90.7918,52.6352,220.7051
bucket_sort,1000,random,int,20,1.1288,0.7109,2.1848
comb_sort,1000,random,int,20,3.4906,2.1445,6.5791
counting_sort,1000,random,int,20,3.2463,1.872,5.7909
heap_sort,1000,random,int,20,5.1517,2.8721,9.9851
insertion_sort,1000,random,int,20,37.1035,29.2232,53.9683
intro_sort,1000,random,int,20,1.1843,0.9882,2.0065
merge_sort,1000,random,int,20,3.1491,2.1659,6.3196
merge_sort_iterative,1000,random,int,20,3.4655,2.6097,6.1543
patience_sort,1000,random,int,20,1.4284,1.1159,3.1334
quick_sort,1000,random,int,20,1.4124,1.1103,3.8222
radix_sort,1000,random,int,20,1.9219,1.3797,4.7459
selection_sort,1000,random,int,20,30.7998,24.5725,63.4723
shell_sort,1000,random,int,20,3.2578,1.7928,5.7943
tim_sort,1000,random,int,20,0.1016,0.0925,0.1402
bubble_sort,1000,sorted,int,20,0.0659,0.0634,0.0774
bucket_sort,1000,sorted,int,20,0.68,0.5275,1.4432
comb_sort,1000,sorted,int,20,1.7131,1.1128,3.7305
counting_sort,1000,sorted,int,20,2.2825,1.7926,3.7842
heap_sort,1000,sorted,int,20,4.0994,2.854,9.5597
insertion_sort,1000,sorted,int,20,0.2292,0.1282,0.493
intro_sort,1000,sorted,int,20,1.0675,0.7257,2.3827
merge_sort,1000,sorted,int,20,3.421,1.6512,5.3396
merge_sort_iterative,1000,sorted,int,20,2.427,1.76,4.8089
patience_sort,1000,sorted,int,20,2.3185,1.9447,4.4989
quick_sort,1000,sorted,int,20,1.0964,0.9359,1.9358
radix_sort,1000,sorted,int,20,1.9003,1.3071,4.0011
selection_sort,1000,sorted,int,20,29.0753,22.1863,69.1927
shell_sort,1000,sorted,int,20,1.3666,0.7497,3.3738
tim_sort,1000,sorted,int,20,0.0079,0.007,0.0133
bubble_sort,1000,reverse,int,20,82.7727,67.3205,148.529
bucket_sort,1000,reverse,int,20,0.7188,0.454,1.3824
comb_sort,1000,reverse,int,20,1.5177,1.223,2.8471
counting_sort,1000,reverse,int,20,1.738,1.5201,2.0287
heap_sort,1000,reverse,int,20,2.5935,1.9852,4.8289
insertion_sort,1000,reverse,int,20,61.5796,49.1876,130.7103
intro_sort,1000,reverse,int,20,2.1714,1.3974,5.9202
merge_sort,1000,reverse,int,20,2.3718,1.5392,4.6364
merge_sort_iterative,1000,reverse,int,20,2.2815,1.6912,4.408
patience_sort,1000,reverse,int,20,0.705,0.5447,1.5239
quick_sort,1000,reverse,int,20,2.1033,1.4513,5.2668
radix_sort,1000,reverse,int,20,1.4804,1.3966,1.6999
selection_sort,1000,reverse,int,20,34.7587,23.4633,76.3109
shell_sort,1000,reverse,int,20,1.5662,1.2921,2.8238
tim_sort,1000,reverse,int,20,0.0152,0.0091,0.0291
bubble_sort,1000,almost_sorted,int,20,42.0226,31.3479,79.8186
bucket_sort,1000,almost_sorted,int,20,0.7534,0.6445,1.1767
comb_sort,1000,almost_sorted,int,20,1.936,1.3419,5.2728
counting_sort,1000,almost_sorted,int,20,2.5554,1.7771,3.9109
heap_sort,1000,almost_sorted,int,20,3.1364,2.678,4.7449
insertion_sort,1000,almost_sorted,int,20,2.4124,1.3468,5.3611
intro_sort,1000,almost_sorted,int,20,1.6273,1.1746,4.51
merge_sort,1000,almost_sorted,int,20,2.9339,1.9588,5.2893
merge_sort_iterative,1000,almost_sorted,int,20,2.3422,2.0176,3.6184
patience_sort,1000,almost_sorted,int,20,2.8039,1.9175,6.2779
quick_sort,1000,almost_sorted,int,20,1.6267,1.3672,2.6
radix_sort,1000,almost_sorted,int,20,1.4036,1.1971,2.6424
selection_sort,1000,almost_sorted,int,20,27.1825,22.164,39.0205
shell_sort,1000,almost_sorted,int,20,1.7928,1.1517,3.9635
tim_sort,1000,almost_sorted,int,20,0.035,0.0253,0.064
bubble_sort,1000,half_sorted,int,20,48.6202,41.409,64.2832
bucket_sort,1000,half_sorted,int,20,0.5765,0.4923,0.9531
comb_sort,1000,half_sorted,int,20,2.0725,1.7585,4.3839
counting_sort,1000,half_sorted,int,20,2.5151,1.7173,4.9502
heap_sort,1000,half_sorted,int,20,3.9236,2.4956,7.5251
insertion_sort,1000,half_sorted,int,20,23.7901,16.618,39.243
intro_sort,1000,half_sorted,int,20,1.3311,0.8418,2.6125
merge_sort,1000,half_sorted,int,20,2.4404,1.8557,5.7117
merge_sort_iterative,1000,half_sorted,int,20,2.1927,1.8578,3.1355
patience_sort,1000,half_sorted,int,20,1.9207,1.5976,4.417
quick_sort,1000,half_sorted,int,20,1.1971,0.9921,3.3963
radix_sort,1000,half_sorted,int,20,1.5214,1.1712,3.3732
selection_sort,1000,half_sorted,int,20,27.892,23.0409,43.0883
shell_sort,1000,half_sorted,int,20,2.591,1.7495,6.2639
tim_sort,1000,half_sorted,int,20,0.0716,0.0552,0.1013
bubble_sort,1000,flat,int,20,55.1829,43.8901,78.2531
bucket_sort,1000,flat,int,20,0.7588,0.5161,1.7491
comb_sort,1000,flat,int,20,2.2302,1.3696,6.3936
counting_sort,1000,flat,int,20,0.0823,0.0806,0.0945
heap_sort,1000,flat,int,20,2.4961,2.1479,4.2252
insertion_sort,1000,flat,int,20,22.3271,16.9128,35.4319
intro_sort,1000,flat,int,20,2.0326,1.681,3.0577
merge_sort,1000,flat,int,20,2.488,1.9249,4.2298
merge_sort_iterative,1000,flat,int,20,2.6205,2.0862,3.9308
patience_sort,1000,flat,int,20,2.136,1.5787,4.4192
quick_sort,1000,flat,int,20,12.045,9.6398,24.2697
radix_sort,1000,flat,int,20,0.4354,0.2959,1.1861
selection_sort,1000,flat,int,20,27.6309,22.584,34.6481
shell_sort,1000,flat,int,20,1.206,0.9195,3.4148
tim_sort,1000,flat,int,20,0.0871,0.0551,0.1797
bubble_sort,5000,random,int,5,1733.558,1673.1825,1911.4589
bucket_sort,5000,random,int,5,3.0195,2.5727,4.2055
comb_sort,5000,random,int,5,21.1479,16.6263,25.9716
counting_sort,5000,random,int,5,10.7292,8.903,12.8268
heap_sort,5000,random,int,5,17.1425,15.065,20.8779
insertion_sort,5000,random,int,5,770.1525,728.59,847.6437
intro_sort,5000,random,int,5,6.5619,5.7339,7.1983
merge_sort,5000,random,int,5,18.3101,15.6829,26.561
merge_sort_iterative,5000,random,int,5,18.0101,16.3232,22.5402
patience_sort,5000,random,int,5,10.1831,7.2385,13.0244
quick_sort,5000,random,int,5,9.6749,6.726,18.2091
radix_sort,5000,random,int,5,12.5777,8.4916,16.7928
selection_sort,5000,random,int,5,824.2155,686.9995,1165.2452
shell_sort,5000,random,int,5,22.3971,14.4338,29.1424
tim_sort,5000,random,int,5,0.7178,0.7001,0.7703
bubble_sort,5000,sorted,int,5,0.3899,0.3856,0.4021
bucket_sort,5000,sorted,int,5,4.4984,3.1817,7.9123
comb_sort,5000,sorted,int,5,14.5147,10.2283,21.286
counting_sort,5000,sorted,int,5,17.2913,11.5944,26.1235
heap_sort,5000,sorted,int,5,27.0735,23.9875,29.0183
insertion_sort,5000,sorted,int,5,0.7428,0.6993,0.8546
intro_sort,5000,sorted,int,5,12.2546,9.8127,14.2866
merge_sort,5000,sorted,int,5,18.487,11.0559,23.751
merge_sort_iterative,5000,sorted,int,5,19.0032,14.1716,22.3877
patience_sort,5000,sorted,int,5,29.9079,23.6663,37.6397
quick_sort,5000,sorted,int,5,14.2779,9.3336,21.2473
radix_sort,5000,sorted,int,5,20.6349,14.2853,28.8433
selection_sort,5000,sorted,int,5,955.4316,897.893,1044.9448
shell_sort,5000,sorted,int,5,9.4561,5.1934,18.377
tim_sort,5000,sorted,int,5,0.0616,0.0475,0.0815
bubble_sort,5000,reverse,int,5,2693.3972,2361.5258,3130.595
bucket_sort,5000,reverse,int,5,6.1206,2.8579,8.5831
comb_sort,5000,reverse,int,5,13.7498,11.4299,17.8907
counting_sort,5000,reverse,int,5,10.0272,8.7041,13.6811
heap_sort,5000,reverse,int,5,21.2105,14.9913,37.2559
insertion_sort,5000,reverse,int,5,2289.8519,1680.5473,2698.3512
intro_sort,5000,reverse,int,5,22.5568,16.9403,31.2887
merge_sort,5000,reverse,int,5,17.4693,15.4109,19.8216
merge_sort_iterative,5000,reverse,int,5,15.8815,13.5494,17.2826
patience_sort,5000,reverse,int,5,5.5479,4.2545,6.3698
quick_sort,5000,reverse,int,5,17.7925,14.3912,21.7974
radix_sort,5000,reverse,int,5,19.7201,16.863,22.1136
selection_sort,5000,reverse,int,5,1099.3285,1036.2788,1163.5306
shell_sort,5000,reverse,int,5,16.9156,8.9204,22.0373
tim_sort,5000,reverse,int,5,0.0522,0.0443,0.0677
bubble_sort,5000,almost_sorted,int,5,1418.7848,1208.6819,1585.8655
bucket_sort,5000,almost_sorted,int,5,3.8045,2.7792,7.0551
comb_sort,5000,almost_sorted,int,5,22.8674,15.1751,31.2147
counting_sort,5000,almost_sorted,int,5,12.4799,7.8292,17.0189
heap_sort,5000,almost_sorted,int,5,30.868,18.4899,44.1932
insertion_sort,5000,almost_sorted,int,5,66.5451,39.0824,84.1492
intro_sort,5000,almost_sorted,int,5,26.8131,18.9391,30.7638
merge_sort,5000,almost_sorted,int,5,23.8442,16.1055,28.076
merge_sort_iterative,5000,almost_sorted,int,5,24.0305,20.785,29.4817
patience_sort,5000,almost_sorted,int,5,19.8911,11.1637,26.9333
quick_sort,5000,almost_sorted,int,5,18.7409,9.1847,29.3715
radix_sort,5000,almost_sorted,int,5,20.8919,15.6739,25.4982
selection_sort,5000,almost_sorted,int,5,1016.3561,780.7583,1252.7496
shell_sort,5000,almost_sorted,int,5,14.4016,12.4577,17.0884
tim_sort,5000,almost_sorted,int,5,0.2117,0.1911,0.252
bubble_sort,5000,half_sorted,int,5,2202.9528,1701.3371,2755.1482
bucket_sort,5000,half_sorted,int,5,4.4325,3.4294,5.6409
comb_sort,5000,half_sorted,int,5,22.7424,15.0602,29.3832
counting_sort,5000,half_sorted,int,5,14.3588,12.9908,16.8052
heap_sort,5000,half_sorted,int,5,33.6669,24.9111,38.161
insertion_sort,5000,half_sorted,int,5,650.2749,523.7127,781.63
intro_sort,5000,half_sorted,int,5,11.8282,5.0484,19.9672
merge_sort,5000,half_sorted,int,5,14.9823,11.415,23.7981
merge_sort_iterative,5000,half_sorted,int,5,16.5891,13.1536,22.1278
patience_sort,5000,half_sorted,int,5,11.6951,10.5397,13.4195
quick_sort,5000,half_sorted,int,5,7.4292,6.3038,11.0546
radix_sort,5000,half_sorted,int,5,8.3453,7.7298,9.3493
selection_sort,5000,half_sorted,int,5,1167.711,1106.0219,1320.4365
shell_sort,5000,half_sorted,int,5,24.5647,12.6053,38.319
tim_sort,5000,half_sorted,int,5,0.451,0.4414,0.4685
bubble_sort,5000,flat,int,5,1965.2629,1795.4521,2138.8123
bucket_sort,5000,flat,int,5,2.9129,2.4184,3.6156
comb_sort,5000,flat,int,5,9.6553,8.8736,11.5078
counting_sort,5000,flat,int,5,0.7441,0.4349,1.2251
heap_sort,5000,flat,int,5,18.6138,12.8832,23.7434
insertion_sort,5000,flat,int,5,562.853,499.0172,677.3017
intro_sort,5000,flat,int,5,15.1675,11.9262,17.1836
merge_sort,5000,flat,int,5,12.2234,10.4155,13.3636
merge_sort_iterative,5000,flat,int,5,14.216,13.716,14.9166
patience_sort,5000,flat,int,5,11.3939,9.1246,18.0436
quick_sort,5000,flat,int,5,263.905,250.2887,290.0893
radix_sort,5000,flat,int,5,1.6089,1.5001,1.8987
selection_sort,5000,flat,int,5,649.5512,623.7891,672.882
shell_sort,5000,flat,int,5,6.4788,5.3238,8.1704
tim_sort,5000,flat,int,5,0.2659,0.2496,0.3192
bucket_sort,10000,random,int,5,6.1483,5.2914,7.2836
comb_sort,10000,random,int,5,32.0412,26.5992,34.7669
counting_sort,10000,random,int,5,36.2523,20.6179,78.7821
heap_sort,10000,random,int,5,42.668,34.277,57.4965
intro_sort,10000,random,int,5,12.2491,11.0554,13.6892
merge_sort,10000,random,int,5,29.3051,24.168,31.1721
merge_sort_iterative,10000,random,int,5,36.2437,32.1039,40.7494
parallel_merge_sort,10000,random,int,5,330.5134,258.1522,482.6727
patience_sort,10000,random,int,5,16.2067,15.0984,17.6659
quick_sort,10000,random,int,5,14.0675,12.6239,17.4777
radix_sort,10000,random,int,5,16.268,15.1895,16.9159
shell_sort,10000,random,int,5,29.9648,26.8341,33.8035
tim_sort,10000,random,int,5,1.1482,1.1283,1.2108
bucket_sort,10000,sorted,int,5,6.0562,4.7005,9.8543
comb_sort,10000,sorted,int,5,17.5768,15.679,18.9096
counting_sort,10000,sorted,int,5,20.8974,17.686,26.8582
heap_sort,10000,sorted,int,5,33.1597,30.8655,35.7277
intro_sort,10000,sorted,int,5,9.0375,7.4168,10.4061
merge_sort,10000,sorted,int,5,18.7578,17.1971,21.0673
merge_sort_iterative,10000,sorted,int,5,19.9849,18.572,23.1159
parallel_merge_sort,10000,sorted,int,5,255.8603,245.1342,263.6935
patience_sort,10000,sorted,int,5,27.8722,24.3133,34.7741
quick_sort,10000,sorted,int,5,12.4655,11.0639,13.8502
radix_sort,10000,sorted,int,5,16.2517,15.8262,16.8576
shell_sort,10000,sorted,int,5,12.1605,10.6762,13.339
tim_sort,10000,sorted,int,5,0.1008,0.0821,0.1299
bucket_sort,10000,reverse,int,5,5.791,4.723,9.3694
comb_sort,10000,reverse,int,5,23.2951,21.4539,24.8857
counting_sort,10000,reverse,int,5,18.115,17.1918,18.7568
heap_sort,10000,reverse,int,5,32.5265,29.1732,35.0716
intro_sort,10000,reverse,int,5,22.0617,19.8949,25.3009
merge_sort,10000,reverse,int,5,19.4464,16.6974,20.7716
merge_sort_iterative,10000,reverse,int,5,19.8045,17.0126,22.3801
parallel_merge_sort,10000,reverse,int,5,258.8525,231.2424,276.346
patience_sort,10000,reverse,int,5,9.2065,6.2196,10.9471
quick_sort,10000,reverse,int,5,27.1971,22.7225,35.8994
radix_sort,10000,reverse,int,5,19.1647,15.0805,23.6865
shell_sort,10000,reverse,int,5,19.2553,17.0286,22.9334
tim_sort,10000,reverse,int,5,0.1456,0.0903,0.35
bucket_sort,10000,almost_sorted,int,5,5.9904,5.2432,7.1755
comb_sort,10000,almost_sorted,int,5,26.6774,23.9062,34.5043
counting_sort,10000,almost_sorted,int,5,17.0447,15.8223,18.9601
heap_sort,10000,almost_sorted,int,5,33.2859,32.1719,34.9209
intro_sort,10000,almost_sorted,int,5,19.5994,15.634,24.0939
merge_sort,10000,almost_sorted,int,5,28.0024,22.0256,34.7828
merge_sort_iterative,10000,almost_sorted,int,5,29.6701,26.4141,35.1246
parallel_merge_sort,10000,almost_sorted,int,5,263.8457,241.4073,300.2703
patience_sort,10000,almost_sorted,int,5,30.4306,26.1585,34.5968
quick_sort,10000,almost_sorted,int,5,19.341,15.9447,22.153
radix_sort,10000,almost_sorted,int,5,16.4533,15.4837,17.3825
shell_sort,10000,almost_sorted,int,5,22.0218,19.1712,24.2389
tim_sort,10000,almost_sorted,int,5,0.315,0.283,0.4109
bucket_sort,10000,half_sorted,int,5,5.6749,5.0428,6.5566
comb_sort,10000,half_sorted,int,5,29.3964,26.1734,32.9805
counting_sort,10000,half_sorted,int,5,20.4996,18.8256,21.5102
heap_sort,10000,half_sorted,int,5,50.2612,37.8552,73.4052
intro_sort,10000,half_sorted,int,5,19.1184,14.4004,27.4791
merge_sort,10000,half_sorted,int,5,24.3706,23.2526,25.9099
merge_sort_iterative,10000,half_sorted,int,5,24.5926,21.7467,28.0479
parallel_merge_sort,10000,half_sorted,int,5,261.717,240.6409,276.0942
patience_sort,10000,half_sorted,int,5,27.4674,24.138,30.8509
quick_sort,10000,half_sorted,int,5,14.8974,13.5021,16.2014
radix_sort,10000,half_sorted,int,5,14.3379,13.8223,15.2849
shell_sort,10000,half_sorted,int,5,27.9312,26.2265,29.684
tim_sort,10000,half_sorted,int,5,0.6984,0.65,0.7838
bucket_sort,10000,flat,int,5,5.4688,4.3435,6.6979
comb_sort,10000,flat,int,5,22.4348,19.8582,24.0153
counting_sort,10000,flat,int,5,0.7614,0.7361,0.8062
heap_sort,10000,flat,int,5,29.3084,25.825,36.5445
intro_sort,10000,flat,int,5,30.6796,25.9836,33.4491
merge_sort,10000,flat,int,5,28.6928,25.1181,31.304
merge_sort_iterative,10000,flat,int,5,26.5154,23.4387,29.0617
parallel_merge_sort,10000,flat,int,5,256.365,223.4772,298.5194
patience_sort,10000,flat,int,5,25.792,20.9739,34.1243
quick_sort,10000,flat,int,5,1115.2014,1055.4284,1324.7795
radix_sort,10000,flat,int,5,3.251,2.95,4.0497
shell_sort,10000,flat,int,5,16.6656,15.511,17.4158
tim_sort,10000,flat,int,5,0.595,0.5476,0.6601
bucket_sort,50000,random,int,1,41.307,41.307,41.307
comb_sort,50000,random,int,1,211.1138,211.1138,211.1138
counting_sort,50000,random,int,1,88.4877,88.4877,88.4877
heap_sort,50000,random,int,1,225.2793,225.2793,225.2793
intro_sort,50000,random,int,1,96.846,96.846,96.846
merge_sort,50000,random,int,1,186.9888,186.9888,186.9888
merge_sort_iterative,50000,random,int,1,184.077,184.077,184.077
parallel_merge_sort,50000,random,int,1,299.7637,299.7637,299.7637
patience_sort,50000,random,int,1,108.3031,108.3031,108.3031
quick_sort,50000,random,int,1,101.4441,101.4441,101.4441
radix_sort,50000,random,int,1,124.7422,124.7422,124.7422
shell_sort,50000,random,int,1,244.4399,244.4399,244.4399
tim_sort,50000,random,int,1,7.5794,7.5794,7.5794
bucket_sort,50000,sorted,int,1,34.1164,34.1164,34.1164
comb_sort,50000,sorted,int,1,150.8878,150.8878,150.8878
counting_sort,50000,sorted,int,1,101.7764,101.7764,101.7764
heap_sort,50000,sorted,int,1,264.5455,264.5455,264.5455
intro_sort,50000,sorted,int,1,68.0213,68.0213,68.0213
merge_sort,50000,sorted,int,1,129.5253,129.5253,129.5253
merge_sort_iterative,50000,sorted,int,1,142.4055,142.4055,142.4055
parallel_merge_sort,50000,sorted,int,1,308.7016,308.7016,308.7016
patience_sort,50000,sorted,int,1,199.6573,199.6573,199.6573
quick_sort,50000,sorted,int,1,84.502,84.502,84.502
radix_sort,50000,sorted,int,1,121.6234,121.6234,121.6234
shell_sort,50000,sorted,int,1,103.5204,103.5204,103.5204
tim_sort,50000,sorted,int,1,2.3496,2.3496,2.3496
bucket_sort,50000,reverse,int,1,35.9498,35.9498,35.9498
comb_sort,50000,reverse,int,1,168.6814,168.6814,168.6814
counting_sort,50000,reverse,int,1,103.117,103.117,103.117
heap_sort,50000,reverse,int,1,212.7921,212.7921,212.7921
intro_sort,50000,reverse,int,1,146.8382,146.8382,146.8382
merge_sort,50000,reverse,int,1,121.1525,121.1525,121.1525
merge_sort_iterative,50000,reverse,int,1,276.7744,276.7744,276.7744
parallel_merge_sort,50000,reverse,int,1,308.2555,308.2555,308.2555
patience_sort,50000,reverse,int,1,38.887,38.887,38.887
quick_sort,50000,reverse,int,1,142.8186,142.8186,142.8186
radix_sort,50000,reverse,int,1,121.1266,121.1266,121.1266
shell_sort,50000,reverse,int,1,143.2694,143.2694,143.2694
tim_sort,50000,reverse,int,1,0.7743,0.7743,0.7743
bucket_sort,50000,almost_sorted,int,1,44.199,44.199,44.199
comb_sort,50000,almost_sorted,int,1,242.2574,242.2574,242.2574
counting_sort,50000,almost_sorted,int,1,102.563,102.563,102.563
heap_sort,50000,almost_sorted,int,1,242.5834,242.5834,242.5834
intro_sort,50000,almost_sorted,int,1,211.9533,211.9533,211.9533
merge_sort,50000,almost_sorted,int,1,166.663,166.663,166.663
merge_sort_iterative,50000,almost_sorted,int,1,201.4654,201.4654,201.4654
parallel_merge_sort,50000,almost_sorted,int,1,295.8792,295.8792,295.8792
patience_sort,50000,almost_sorted,int,1,178.6399,178.6399,178.6399
quick_sort,50000,almost_sorted,int,1,141.2307,141.2307,141.2307
radix_sort,50000,almost_sorted,int,1,119.6925,119.6925,119.6925
shell_sort,50000,almost_sorted,int,1,185.3704,185.3704,185.3704
tim_sort,50000,almost_sorted,int,1,3.8368,3.8368,3.8368
bucket_sort,50000,half_sorted,int,1,37.5832,37.5832,37.5832
comb_sort,50000,half_sorted,int,1,215.4649,215.4649,215.4649
counting_sort,50000,half_sorted,int,1,97.2865,97.2865,97.2865
heap_sort,50000,half_sorted,int,1,220.2277,220.2277,220.2277
intro_sort,50000,half_sorted,int,1,88.8958,88.8958,88.8958
merge_sort,50000,half_sorted,int,1,152.5115,152.5115,152.5115
merge_sort_iterative,50000,half_sorted,int,1,185.9899,185.9899,185.9899
parallel_merge_sort,50000,half_sorted,int,1,361.5153,361.5153,361.5153
patience_sort,50000,half_sorted,int,1,195.5688,195.5688,195.5688
quick_sort,50000,half_sorted,int,1,119.0105,119.0105,119.0105
radix_sort,50000,half_sorted,int,1,119.068,119.068,119.068
shell_sort,50000,half_sorted,int,1,262.0448,262.0448,262.0448
tim_sort,50000,half_sorted,int,1,5.1995,5.1995,5.1995
bucket_sort,50000,flat,int,1,27.9865,27.9865,27.9865
comb_sort,50000,flat,int,1,126.3145,126.3145,126.3145
counting_sort,50000,flat,int,1,5.1449,5.1449,5.1449
heap_sort,50000,flat,int,1,169.0263,169.0263,169.0263
intro_sort,50000,flat,int,1,169.7296,169.7296,169.7296
merge_sort,50000,flat,int,1,150.9064,150.9064,150.9064
merge_sort_iterative,50000,flat,int,1,182.4008,182.4008,182.4008
parallel_merge_sort,50000,flat,int,1,294.714,294.714,294.714
patience_sort,50000,flat,int,1,152.4748,152.4748,152.4748
radix_sort,50000,flat,int,1,21.959,21.959,21.959
shell_sort,50000,flat,int,1,83.0558,83.0558,83.0558
tim_sort,50000,flat,int,1,2.7761,2.7761,2.7761
bucket_sort,100000,random,int,1,77.5035,77.5035,77.5035
comb_sort,100000,random,int,1,491.6189,491.6189,491.6189
counting_sort,100000,random,int,1,196.3906,196.3906,196.3906
heap_sort,100000,random,int,1,548.4055,548.4055,548.4055
intro_sort,100000,random,int,1,185.8189,185.8189,185.8189
merge_sort,100000,random,int,1,371.0267,371.0267,371.0267
merge_sort_iterative,100000,random,int,1,427.4255,427.4255,427.4255
parallel_merge_sort,100000,random,int,1,338.9832,338.9832,338.9832
patience_sort,100000,random,int,1,233.6446,233.6446,233.6446
radix_sort,100000,random,int,1,264.9089,264.9089,264.9089
shell_sort,100000,random,int,1,636.1351,636.1351,636.1351
tim_sort,100000,random,int,1,18.0099,18.0099,18.0099
bucket_sort,100000,sorted,int,1,64.5267,64.5267,64.5267
comb_sort,100000,sorted,int,1,379.0746,379.0746,379.0746
counting_sort,100000,sorted,int,1,202.7919,202.7919,202.7919
heap_sort,100000,sorted,int,1,522.7362,522.7362,522.7362
intro_sort,100000,sorted,int,1,151.7622,151.7622,151.7622
merge_sort,100000,sorted,int,1,272.3897,272.3897,272.3897
merge_sort_iterative,100000,sorted,int,1,278.306,278.306,278.306
parallel_merge_sort,100000,sorted,int,1,328.4485,328.4485,328.4485
patience_sort,100000,sorted,int,1,420.7035,420.7035,420.7035
radix_sort,100000,sorted,int,1,286.7999,286.7999,286.7999
shell_sort,100000,sorted,int,1,196.6746,196.6746,196.6746
tim_sort,100000,sorted,int,1,1.5656,1.5656,1.5656
bucket_sort,100000,reverse,int,1,86.0707,86.0707,86.0707
comb_sort,100000,reverse,int,1,371.1612,371.1612,371.1612
counting_sort,100000,reverse,int,1,186.7221,186.7221,186.7221
heap_sort,100000,reverse,int,1,504.0569,504.0569,504.0569
intro_sort,100000,reverse,int,1,342.7082,342.7082,342.7082
merge_sort,100000,reverse,int,1,251.5879,251.5879,251.5879
merge_sort_iterative,100000,reverse,int,1,267.8562,267.8562,267.8562
parallel_merge_sort,100000,reverse,int,1,342.6435,342.6435,342.6435
patience_sort,100000,reverse,int,1,77.5056,77.5056,77.5056
radix_sort,100000,reverse,int,1,265.9239,265.9239,265.9239
shell_sort,100000,reverse,int,1,318.6832,318.6832,318.6832
tim_sort,100000,reverse,int,1,1.6095,1.6095,1.6095
bucket_sort,100000,almost_sorted,int,1,73.2406,73.2406,73.2406
comb_sort,100000,almost_sorted,int,1,400.7083,400.7083,400.7083
counting_sort,100000,almost_sorted,int,1,184.9939,184.9939,184.9939
heap_sort,100000,almost_sorted,int,1,524.0664,524.0664,524.0664
intro_sort,100000,almost_sorted,int,1,307.2484,307.2484,307.2484
merge_sort,100000,almost_sorted,int,1,350.7981,350.7981,350.7981
merge_sort_iterative,100000,almost_sorted,int,1,373.0125,373.0125,373.0125
parallel_merge_sort,100000,almost_sorted,int,1,335.61,335.61,335.61
patience_sort,100000,almost_sorted,int,1,366.5386,366.5386,366.5386
radix_sort,100000,almost_sorted,int,1,275.3882,275.3882,275.3882
shell_sort,100000,almost_sorted,int,1,419.0734,419.0734,419.0734
tim_sort,100000,almost_sorted,int,1,6.7407,6.7407,6.7407
bucket_sort,100000,half_sorted,int,1,78.9712,78.9712,78.9712
comb_sort,100000,half_sorted,int,1,621.1024,621.1024,621.1024
counting_sort,100000,half_sorted,int,1,192.3441,192.3441,192.3441
heap_sort,100000,half_sorted,int,1,542.8639,542.8639,542.8639
intro_sort,100000,half_sorted,int,1,208.9634,208.9634,208.9634
merge_sort,100000,half_sorted,int,1,333.6786,333.6786,333.6786
merge_sort_iterative,100000,half_sorted,int,1,364.665,364.665,364.665
parallel_merge_sort,100000,half_sorted,int,1,352.1401,352.1401,352.1401
patience_sort,100000,half_sorted,int,1,399.0239,399.0239,399.0239
radix_sort,100000,half_sorted,int,1,258.8249,258.8249,258.8249
shell_sort,100000,half_sorted,int,1,583.7775,583.7775,583.7775
tim_sort,100000,half_sorted,int,1,21.7295,21.7295,21.7295
bucket_sort,100000,flat,int,1,52.2302,52.2302,52.2302
comb_sort,100000,flat,int,1,295.8133,295.8133,295.8133
counting_sort,100000,flat,int,1,10.128,10.128,10.128
heap_sort,100000,flat,int,1,382.229,382.229,382.229
intro_sort,100000,flat,int,1,432.7065,432.7065,432.7065
merge_sort,100000,flat,int,1,356.7541,356.7541,356.7541
merge_sort_iterative,100000,flat,int,1,324.8002,324.8002,324.8002
parallel_merge_sort,100000,flat,int,1,336.0025,336.0025,336.0025
patience_sort,100000,flat,int,1,290.6408,290.6408,290.6408
radix_sort,100000,flat,int,1,38.1536,38.1536,38.1536
shell_sort,100000,flat,int,1,186.0296,186.0296,186.0296
tim_sort,100000,flat,int,1,5.9127,5.9127,5.9127
bucket_sort,500000,random,int,1,535.0623,535.0623,535.0623
comb_sort,500000,random,int,1,4470.7948,4470.7948,4470.7948
counting_sort,500000,random,int,1,1008.0321,1008.0321,1008.0321
heap_sort,500000,random,int,1,3780.1096,3780.1096,3780.1096
intro_sort,500000,random,int,1,1258.2117,1258.2117,1258.2117
merge_sort,500000,random,int,1,2309.872,2309.872,2309.872
merge_sort_iterative,500000,random,int,1,2530.9572,2530.9572,2530.9572
parallel_merge_sort,500000,random,int,1,635.6494,635.6494,635.6494
patience_sort,500000,random,int,1,1299.5552,1299.5552,1299.5552
radix_sort,500000,random,int,1,2121.9023,2121.9023,2121.9023
shell_sort,500000,random,int,1,4297.1715,4297.1715,4297.1715
tim_sort,500000,random,int,1,130.825,130.825,130.825
bucket_sort,500000,sorted,int,1,562.3402,562.3402,562.3402
comb_sort,500000,sorted,int,1,4017.8972,4017.8972,4017.8972
counting_sort,500000,sorted,int,1,1050.7703,1050.7703,1050.7703
heap_sort,500000,sorted,int,1,3029.5119,3029.5119,3029.5119
intro_sort,500000,sorted,int,1,1086.2971,1086.2971,1086.2971
merge_sort,500000,sorted,int,1,1703.9047,1703.9047,1703.9047
merge_sort_iterative,500000,sorted,int,1,2010.5779,2010.5779,2010.5779
parallel_merge_sort,500000,sorted,int,1,581.8326,581.8326,581.8326
patience_sort,500000,sorted,int,1,2418.2627,2418.2627,2418.2627
radix_sort,500000,sorted,int,1,2319.8677,2319.8677,2319.8677
shell_sort,500000,sorted,int,1,2318.2981,2318.2981,2318.2981
tim_sort,500000,sorted,int,1,36.096,36.096,36.096
bucket_sort,500000,reverse,int,1,456.9925,456.9925,456.9925
comb_sort,500000,reverse,int,1,4061.618,4061.618,4061.618
counting_sort,500000,reverse,int,1,1019.6658,1019.6658,1019.6658
heap_sort,500000,reverse,int,1,2807.1696,2807.1696,2807.1696
intro_sort,500000,reverse,int,1,2490.418,2490.418,2490.418
merge_sort,500000,reverse,int,1,1617.7788,1617.7788,1617.7788
merge_sort_iterative,500000,reverse,int,1,1881.7769,1881.7769,1881.7769
parallel_merge_sort,500000,reverse,int,1,559.3511,559.3511,559.3511
patience_sort,500000,reverse,int,1,423.7525,423.7525,423.7525
radix_sort,500000,reverse,int,1,2467.2886,2467.2886,2467.2886
shell_sort,500000,reverse,int,1,2907.0297,2907.0297,2907.0297
tim_sort,500000,reverse,int,1,39.4135,39.4135,39.4135
bucket_sort,500000,almost_sorted,int,1,476.4126,476.4126,476.4126
comb_sort,500000,almost_sorted,int,1,4573.9532,4573.9532,4573.9532
counting_sort,500000,almost_sorted,int,1,1004.264,1004.264,1004.264
heap_sort,500000,almost_sorted,int,1,3184.825,3184.825,3184.825
intro_sort,500000,almost_sorted,int,1,2967.9119,2967.9119,2967.9119
merge_sort,500000,almost_sorted,int,1,2459.0343,2459.0343,2459.0343
merge_sort_iterative,500000,almost_sorted,int,1,2702.1504,2702.1504,2702.1504
parallel_merge_sort,500000,almost_sorted,int,1,654.109,654.109,654.109
patience_sort,500000,almost_sorted,int,1,2713.1537,2713.1537,2713.1537
radix_sort,500000,almost_sorted,int,1,2319.4006,2319.4006,2319.4006
shell_sort,500000,almost_sorted,int,1,3277.8323,3277.8323,3277.8323
tim_sort,500000,almost_sorted,int,1,68.0934,68.0934,68.0934
bucket_sort,500000,half_sorted,int,1,477.3166,477.3166,477.3166
comb_sort,500000,half_sorted,int,1,4820.6156,4820.6156,4820.6156
counting_sort,500000,half_sorted,int,1,1015.5495,1015.5495,1015.5495
heap_sort,500000,half_sorted,int,1,3478.1617,3478.1617,3478.1617
intro_sort,500000,half_sorted,int,1,1396.5572,1396.5572,1396.5572
merge_sort,500000,half_sorted,int,1,2052.5797,2052.5797,2052.5797
merge_sort_iterative,500000,half_sorted,int,1,2181.3529,2181.3529,2181.3529
parallel_merge_sort,500000,half_sorted,int,1,585.0265,585.0265,585.0265
patience_sort,500000,half_sorted,int,1,2713.5944,2713.5944,2713.5944
radix_sort,500000,half_sorted,int,1,2192.3798,2192.3798,2192.3798
shell_sort,500000,half_sorted,int,1,4403.8376,4403.8376,4403.8376
tim_sort,500000,half_sorted,int,1,83.4331,83.4331,83.4331
bucket_sort,500000,flat,int,1,252.7566,252.7566,252.7566
comb_sort,500000,flat,int,1,1691.5182,1691.5182,1691.5182
counting_sort,500000,flat,int,1,54.2422,54.2422,54.2422
heap_sort,500000,flat,int,1,2245.7996,2245.7996,2245.7996
intro_sort,500000,flat,int,1,2238.9589,2238.9589,2238.9589
merge_sort,500000,flat,int,1,1944.8003,1944.8003,1944.8003
merge_sort_iterative,500000,flat,int,1,2285.7482,2285.7482,2285.7482
parallel_merge_sort,500000,flat,int,1,514.1399,514.1399,514.1399
patience_sort,500000,flat,int,1,1827.0454,1827.0454,1827.0454
radix_sort,500000,flat,int,1,187.5321,187.5321,187.5321
shell_sort,500000,flat,int,1,1013.4085,1013.4085,1013.4085
tim_sort,500000,flat,int,1,34.4006,34.4006,34.4006
bucket_sort,1000000,random,int,1,1105.0483,1105.0483,1105.0483
counting_sort,1000000,random,int,1,2652.9434,2652.9434,2652.9434
intro_sort,1000000,random,int,1,2908.4321,2908.4321,2908.4321
merge_sort,1000000,random,int,1,4885.9,4885.9,4885.9
parallel_merge_sort,1000000,random,int,1,892.006,892.006,892.006
patience_sort,1000000,random,int,1,2679.2065,2679.2065,2679.2065
radix_sort,1000000,random,int,1,4514.754,4514.754,4514.754
tim_sort,1000000,random,int,1,304.2744,304.2744,304.2744
bucket_sort,1000000,sorted,int,1,931.0767,931.0767,931.0767
counting_sort,1000000,sorted,int,1,2089.0979,2089.0979,2089.0979
intro_sort,1000000,sorted,int,1,2183.2601,2183.2601,2183.2601
merge_sort,1000000,sorted,int,1,3593.837,3593.837,3593.837
parallel_merge_sort,1000000,sorted,int,1,848.972,848.972,848.972
tim_sort,1000000,sorted,int,1,85.64,85.64,85.64
bucket_sort,1000000,reverse,int,1,957.4044,957.4044,957.4044
counting_sort,1000000,reverse,int,1,2162.8428,2162.8428,2162.8428
merge_sort,1000000,reverse,int,1,3497.5458,3497.5458,3497.5458
parallel_merge_sort,1000000,reverse,int,1,821.6067,821.6067,821.6067
tim_sort,1000000,reverse,int,1,85.6114,85.6114,85.6114
bucket_sort,1000000,almost_sorted,int,1,925.1105,925.1105,925.1105
counting_sort,1000000,almost_sorted,int,1,2073.8787,2073.8787,2073.8787
parallel_merge_sort,1000000,almost_sorted,int,1,902.984,902.984,902.984
tim_sort,1000000,almost_sorted,int,1,158.2623,158.2623,158.2623
bucket_sort,1000000,half_sorted,int,1,1171.1569,1171.1569,1171.1569
counting_sort,1000000,half_sorted,int,1,2989.7237,2989.7237,2989.7237
parallel_merge_sort,1000000,half_sorted,int,1,887.3751,887.3751,887.3751
tim_sort,1000000,half_sorted,int,1,198.1423,198.1423,198.1423
bucket_sort,1000000,flat,int,1,535.6299,535.6299,535.6299
counting_sort,1000000,flat,int,1,101.6872,101.6872,101.6872
parallel_merge_sort,1000000,flat,int,1,758.7616,758.7616,758.7616
tim_sort,1000000,flat,int,1,68.2215,68.2215,68.2215
bubble_sort,20,random,float,500,0.0163,0.0146,0.2481
bucket_sort,20,random,float,500,0.0183,0.0077,0.7942
comb_sort,20,random,float,500,0.0083,0.0079,0.0254
heap_sort,20,random,float,500,0.0321,0.0151,2.252
insertion_sort,20,random,float,500,0.0119,0.008,0.0884
intro_sort,20,random,float,500,0.0084,0.0075,0.0281
merge_sort,20,random,float,500,0.0268,0.02,0.6142
merge_sort_iterative,20,random,float,500,0.0223,0.0214,0.064
patience_sort,20,random,float,500,0.0179,0.0112,0.3062
quick_sort,20,random,float,500,0.0097,0.0081,0.0259
selection_sort,20,random,float,500,0.0153,0.0087,0.2545
shell_sort,20,random,float,500,0.0073,0.0069,0.0232
tim_sort,20,random,float,500,0.0006,0.0005,0.0053
bubble_sort,20,sorted,float,500,0.0012,0.001,0.0058
bucket_sort,20,sorted,float,500,0.0092,0.0074,0.0391
comb_sort,20,sorted,float,500,0.0106,0.0056,0.1064
heap_sort,20,sorted,float,500,0.0198,0.0161,0.112
insertion_sort,20,sorted,float,500,0.0076,0.0018,0.6308
intro_sort,20,sorted,float,500,0.0057,0.0032,0.0545
merge_sort,20,sorted,float,500,0.021,0.0166,0.0875
merge_sort_iterative,20,sorted,float,500,0.026,0.0194,0.468
patience_sort,20,sorted,float,500,0.021,0.013,1.4476
quick_sort,20,sorted,float,500,0.0095,0.0079,0.1004
selection_sort,20,sorted,float,500,0.009,0.0082,0.044
shell_sort,20,sorted,float,500,0.0084,0.0043,0.058
tim_sort,20,sorted,float,500,0.0004,0.0003,0.0027
bubble_sort,20,reverse,float,500,0.0257,0.0184,0.4394
bucket_sort,20,reverse,float,500,0.0098,0.0075,0.0725
comb_sort,20,reverse,float,500,0.0109,0.0075,0.0738
heap_sort,20,reverse,float,500,0.0221,0.0132,0.6284
insertion_sort,20,reverse,float,500,0.0212,0.0132,0.5966
intro_sort,20,reverse,float,500,0.0085,0.0071,0.0683
merge_sort,20,reverse,float,500,0.0277,0.0175,0.8198
merge_sort_iterative,20,reverse,float,500,0.0224,0.0193,0.0781
patience_sort,20,reverse,float,500,0.019,0.007,0.5677
quick_sort,20,reverse,float,500,0.0085,0.0082,0.0291
selection_sort,20,reverse,float,500,0.0176,0.0088,0.9864
shell_sort,20,reverse,float,500,0.0085,0.0067,0.048
tim_sort,20,reverse,float,500,0.0007,0.0004,0.0035
bubble_sort,20,almost_sorted,float,500,0.0121,0.0076,0.1063
bucket_sort,20,almost_sorted,float,500,0.0103,0.0081,0.0315
comb_sort,20,almost_sorted,float,500,0.0074,0.0061,0.0287
heap_sort,20,almost_sorted,float,500,0.0244,0.0158,1.162
insertion_sort,20,almost_sorted,float,500,0.0031,0.0027,0.0165
intro_sort,20,almost_sorted,float,500,0.0039,0.0035,0.0174
merge_sort,20,almost_sorted,float,500,0.0257,0.0174,0.5603
merge_sort_iterative,20,almost_sorted,float,500,0.0299,0.0206,0.7097
patience_sort,20,almost_sorted,float,500,0.0182,0.0148,0.1344
quick_sort,20,almost_sorted,float,500,0.0147,0.0081,0.0806
selection_sort,20,almost_sorted,float,500,0.0115,0.0084,0.06
shell_sort,20,almost_sorted,float,500,0.0121,0.0059,0.5002
tim_sort,20,almost_sorted,float,500,0.0011,0.0007,0.0034
bubble_sort,50,random,float,500,0.1153,0.0793,2.3643
bucket_sort,50,random,float,500,0.0273,0.0207,0.8674
comb_sort,50,random,float,500,0.0375,0.0254,0.763
heap_sort,50,random,float,500,0.1678,0.0519,3.3199
insertion_sort,50,random,float,500,0.0689,0.0416,0.8869
intro_sort,50,random,float,500,0.0264,0.0209,0.6199
merge_sort,50,random,float,500,0.0871,0.0588,1.7694
merge_sort_iterative,50,random,float,500,0.085,0.0696,1.0222
patience_sort,50,random,float,500,0.0446,0.0363,0.6054
quick_sort,50,random,float,500,0.0355,0.0238,0.1606
selection_sort,50,random,float,500,0.0564,0.0424,1.6103
shell_sort,50,random,float,500,0.0339,0.0239,0.7632
tim_sort,50,random,float,500,0.0019,0.0014,0.0537
bubble_sort,50,sorted,float,500,0.0023,0.0021,0.0097
bucket_sort,50,sorted,float,500,0.0198,0.0177,0.0974
comb_sort,50,sorted,float,500,0.0248,0.0176,0.8694
heap_sort,50,sorted,float,500,0.0818,0.0518,0.8805
insertion_sort,50,sorted,float,500,0.0042,0.0038,0.0191
intro_sort,50,sorted,float,500,0.0167,0.0097,0.0587
merge_sort,50,sorted,float,500,0.0658,0.0476,1.754
merge_sort_iterative,50,sorted,float,500,0.0619,0.0506,0.9334
patience_sort,50,sorted,float,500,0.0513,0.0389,0.7831
quick_sort,50,sorted,float,500,0.0281,0.0233,0.6766
selection_sort,50,sorted,float,500,0.0537,0.0405,0.6053
shell_sort,50,sorted,float,500,0.0261,0.0127,3.8168
tim_sort,50,sorted,float,500,0.0007,0.0005,0.0032
bubble_sort,50,reverse,float,500,0.1747,0.1071,1.5133
bucket_sort,50,reverse,float,500,0.0522,0.02,0.6488
comb_sort,50,reverse,float,500,0.0459,0.0244,0.5257
heap_sort,50,reverse,float,500,0.0873,0.043,2.7693
insertion_sort,50,reverse,float,500,0.1474,0.0907,1.8363
intro_sort,50,reverse,float,500,0.0717,0.0297,1.1141
merge_sort,50,reverse,float,500,0.0758,0.0531,1.6171
merge_sort_iterative,50,reverse,float,500,0.0926,0.0546,1.0235
patience_sort,50,reverse,float,500,0.0205,0.0166,0.1327
quick_sort,50,reverse,float,500,0.0426,0.0244,1.3942
selection_sort,50,reverse,float,500,0.0695,0.0429,1.4564
shell_sort,50,reverse,float,500,0.0311,0.0236,0.5355
tim_sort,50,reverse,float,500,0.0007,0.0005,0.0037
bubble_sort,50,almost_sorted,float,500,0.0053,0.005,0.0203
bucket_sort,50,almost_sorted,float,500,0.0309,0.0222,1.3511
comb_sort,50,almost_sorted,float,500,0.03,0.0228,1.0242
heap_sort,50,almost_sorted,float,500,0.0744,0.0517,1.3224
insertion_sort,50,almost_sorted,float,500,0.0057,0.0038,0.07
intro_sort,50,almost_sorted,float,500,0.016,0.0097,0.209
merge_sort,50,almost_sorted,float,500,0.0697,0.0467,2.1939
merge_sort_iterative,50,almost_sorted,float,500,0.09,0.0512,1.3957
patience_sort,50,almost_sorted,float,500,0.0573,0.0379,0.7878
quick_sort,50,almost_sorted,float,500,0.0325,0.0226,0.195
selection_sort,50,almost_sorted,float,500,0.0658,0.0418,2.863
shell_sort,50,almost_sorted,float,500,0.0198,0.0128,0.5782
tim_sort,50,almost_sorted,float,500,0.0013,0.001,0.0148
bubble_sort,100,random,float,200,0.3796,0.3063,2.2326
bucket_sort,100,random,float,200,0.0421,0.0364,0.1469
comb_sort,100,random,float,200,0.0816,0.0611,0.3249
heap_sort,100,random,float,200,0.1666,0.1197,1.3569
insertion_sort,100,random,float,200,0.1814,0.1461,1.1668
intro_sort,100,random,float,200,0.062,0.0443,0.4172
merge_sort,100,random,float,200,0.1578,0.1271,2.3763
merge_sort_iterative,100,random,float,200,0.3031,0.1335,3.288
patience_sort,100,random,float,200,0.2531,0.0885,2.9325
quick_sort,100,random,float,200,0.0745,0.0537,0.8301
selection_sort,100,random,float,200,0.2172,0.1541,1.2072
shell_sort,100,random,float,200,0.1356,0.0611,4.1677
tim_sort,100,random,float,200,0.0042,0.0033,0.0172
bubble_sort,100,sorted,float,200,0.0047,0.004,0.0196
bucket_sort,100,sorted,float,200,0.0494,0.036,0.2641
comb_sort,100,sorted,float,200,0.048,0.0416,0.1254
heap_sort,100,sorted,float,200,0.1654,0.1213,1.8177
insertion_sort,100,sorted,float,200,0.0202,0.0075,0.6458
intro_sort,100,sorted,float,200,0.0276,0.0237,0.106
merge_sort,100,sorted,float,200,0.1557,0.1002,0.8811
merge_sort_iterative,100,sorted,float,200,0.1613,0.1069,2.7778
patience_sort,100,sorted,float,200,0.1143,0.0865,0.3333
quick_sort,100,sorted,float,200,0.0583,0.0496,0.2499
selection_sort,100,sorted,float,200,0.2791,0.1489,1.9614
shell_sort,100,sorted,float,200,0.0574,0.0307,0.3296
tim_sort,100,sorted,float,200,0.001,0.0007,0.0038
bubble_sort,100,reverse,float,200,0.5564,0.428,3.3424
bucket_sort,100,reverse,float,200,0.0397,0.0371,0.0863
comb_sort,100,reverse,float,200,0.0728,0.0487,0.6912
heap_sort,100,reverse,float,200,0.1636,0.1046,2.4781
insertion_sort,100,reverse,float,200,0.4467,0.3119,2.2024
intro_sort,100,reverse,float,200,0.1204,0.0613,2.95
merge_sort,100,reverse,float,200,0.1376,0.1108,0.8767
merge_sort_iterative,100,reverse,float,200,0.1256,0.1,0.2974
patience_sort,100,reverse,float,200,0.0427,0.0323,0.7751
quick_sort,100,reverse,float,200,0.0895,0.0594,1.7333
selection_sort,100,reverse,float,200,0.2458,0.1739,1.7381
shell_sort,100,reverse,float,200,0.086,0.0503,1.2566
tim_sort,100,reverse,float,200,0.0015,0.001,0.0394
bubble_sort,100,almost_sorted,float,200,0.2812,0.1978,2.1695
bucket_sort,100,almost_sorted,float,200,0.0464,0.0361,0.7863
comb_sort,100,almost_sorted,float,200,0.072,0.0496,0.5945
heap_sort,100,almost_sorted,float,200,0.1822,0.1205,0.7983
insertion_sort,100,almost_sorted,float,200,0.0312,0.0279,0.0684
intro_sort,100,almost_sorted,float,200,0.0489,0.0305,0.1451
merge_sort,100,almost_sorted,float,200,0.1608,0.1144,0.967
merge_sort_iterative,100,almost_sorted,float,200,0.1758,0.1326,1.2363
patience_sort,100,almost_sorted,float,200,0.1146,0.0865,1.7784
quick_sort,100,almost_sorted,float,200,0.0688,0.0509,0.2563
selection_sort,100,almost_sorted,float,200,0.1821,0.1486,0.8514
shell_sort,100,almost_sorted,float,200,0.0567,0.0472,0.4379
tim_sort,100,almost_sorted,float,200,0.0038,0.0021,0.0078
bubble_sort,1000,random,float,20,58.3026,47.8412,145.7379
bucket_sort,1000,random,float,20,0.5557,0.4104,1.284
comb_sort,1000,random,float,20,2.5488,1.5358,10.9811
heap_sort,1000,random,float,20,2.7426,2.0273,6.0141
insertion_sort,1000,random,float,20,25.6924,20.1089,32.6207
intro_sort,1000,random,float,20,0.9585,0.7666,2.3429
merge_sort,1000,random,float,20,2.2502,1.7824,4.6593
merge_sort_iterative,1000,random,float,20,2.411,1.8465,4.7323
patience_sort,1000,random,float,20,1.1096,0.8799,2.5064
quick_sort,1000,random,float,20,1.0419,0.8325,3.0655
selection_sort,1000,random,float,20,25.7949,21.4565,36.6123
shell_sort,1000,random,float,20,1.6584,1.3639,4.5435
tim_sort,1000,random,float,20,0.0844,0.0795,0.133
bubble_sort,1000,sorted,float,20,0.0545,0.0515,0.0801
bucket_sort,1000,sorted,float,20,0.438,0.4137,0.5059
comb_sort,1000,sorted,float,20,1.7509,0.9656,11.5204
heap_sort,1000,sorted,float,20,2.9547,2.1318,4.7839
insertion_sort,1000,sorted,float,20,0.1654,0.0952,0.3829
intro_sort,1000,sorted,float,20,0.6439,0.4504,1.534
merge_sort,1000,sorted,float,20,1.7846,1.2675,5.0811
merge_sort_iterative,1000,sorted,float,20,1.6255,1.3048,3.8824
patience_sort,1000,sorted,float,20,2.0547,1.5287,3.8875
quick_sort,1000,sorted,float,20,0.9505,0.7275,1.9065
selection_sort,1000,sorted,float,20,24.7688,19.4858,35.8722
shell_sort,1000,sorted,float,20,0.846,0.6132,2.4543
tim_sort,1000,sorted,float,20,0.0066,0.0052,0.0126
bubble_sort,1000,reverse,float,20,80.4694,63.2361,112.868
bucket_sort,1000,reverse,float,20,0.474,0.3984,0.8319
comb_sort,1000,reverse,float,20,1.6633,1.1093,4.7149
heap_sort,1000,reverse,float,20,2.2636,1.7328,4.7857
insertion_sort,1000,reverse,float,20,51.3708,44.506,67.2928
intro_sort,1000,reverse,float,20,1.616,1.2758,4.0352
merge_sort,1000,reverse,float,20,1.657,1.2642,4.0662
merge_sort_iterative,1000,reverse,float,20,1.5787,1.2737,3.378
patience_sort,1000,reverse,float,20,0.4528,0.3003,2.0593
quick_sort,1000,reverse,float,20,1.5058,1.1086,3.6849
selection_sort,1000,reverse,float,20,25.0012,21.6561,40.9142
shell_sort,1000,reverse,float,20,1.3398,1.0008,3.2879
tim_sort,1000,reverse,float,20,0.012,0.0099,0.0217
bubble_sort,1000,almost_sorted,float,20,29.183,23.6738,46.5797
bucket_sort,1000,almost_sorted,float,20,0.5291,0.4008,1.641
comb_sort,1000,almost_sorted,float,20,1.6876,1.1658,4.5777
heap_sort,1000,almost_sorted,float,20,2.7655,2.144,5.7733
insertion_sort,1000,almost_sorted,float,20,1.3353,1.0369,3.8179
intro_sort,1000,almost_sorted,float,20,1.4746,0.88,3.977
merge_sort,1000,almost_sorted,float,20,2.5125,1.6169,6.3334
merge_sort_iterative,1000,almost_sorted,float,20,1.9898,1.6488,2.659
patience_sort,1000,almost_sorted,float,20,2.0833,1.5636,4.1664
quick_sort,1000,almost_sorted,float,20,1.0457,0.941,1.8076
selection_sort,1000,almost_sorted,float,20,26.5759,21.5489,34.3792
shell_sort,1000,almost_sorted,float,20,1.3,0.9476,3.5585
tim_sort,1000,almost_sorted,float,20,0.0265,0.0225,0.055
bubble_sort,5000,random,float,5,1619.1325,1577.4974,1667.7047
bucket_sort,5000,random,float,5,2.3822,2.1056,3.2959
comb_sort,5000,random,float,5,14.2039,12.4053,17.0393
heap_sort,5000,random,float,5,21.4364,19.0381,24.1291
insertion_sort,5000,random,float,5,683.0165,656.3961,712.3302
intro_sort,5000,random,float,5,6.5894,5.0848,9.1701
merge_sort,5000,random,float,5,14.9109,11.3328,17.4211
merge_sort_iterative,5000,random,float,5,14.6296,12.6593,16.5332
patience_sort,5000,random,float,5,5.7609,5.065,7.9479
quick_sort,5000,random,float,5,6.9286,5.5195,8.483
selection_sort,5000,random,float,5,797.0962,646.9213,1079.359
shell_sort,5000,random,float,5,27.2831,14.7118,43.4133
tim_sort,5000,random,float,5,0.9072,0.802,1.0249
bubble_sort,5000,sorted,float,5,1.1287,1.1065,1.1511
bucket_sort,5000,sorted,float,5,4.4679,2.222,10.1073
comb_sort,5000,sorted,float,5,14.3129,8.1911,27.1065
heap_sort,5000,sorted,float,5,24.3019,17.9534,32.6002
insertion_sort,5000,sorted,float,5,2.1358,1.9139,2.2481
intro_sort,5000,sorted,float,5,5.168,3.7145,7.6269
merge_sort,5000,sorted,float,5,18.3317,10.3029,23.5056
merge_sort_iterative,5000,sorted,float,5,14.0812,10.7811,15.6629
patience_sort,5000,sorted,float,5,18.7565,13.8376,30.9369
quick_sort,5000,sorted,float,5,10.3312,5.2011,14.4183
selection_sort,5000,sorted,float,5,988.3481,658.9351,1302.93
shell_sort,5000,sorted,float,5,7.1422,4.5001,9.4695
tim_sort,5000,sorted,float,5,0.0437,0.0323,0.0599
bubble_sort,5000,reverse,float,5,2136.2697,2022.5511,2262.8154
bucket_sort,5000,reverse,float,5,2.5458,2.1039,3.2711
comb_sort,5000,reverse,float,5,12.2451,9.0567,18.0061
heap_sort,5000,reverse,float,5,15.6716,14.6142,16.9947
insertion_sort,5000,reverse,float,5,1359.0085,1344.6124,1366.19
intro_sort,5000,reverse,float,5,12.6789,10.4258,16.005
merge_sort,5000,reverse,float,5,11.1857,8.2544,13.2295
merge_sort_iterative,5000,reverse,float,5,10.6005,8.8466,12.3887
patience_sort,5000,reverse,float,5,2.0947,1.6782,3.0381
quick_sort,5000,reverse,float,5,11.4445,8.099,16.0625
selection_sort,5000,reverse,float,5,739.4516,633.3132,1079.4825
shell_sort,5000,reverse,float,5,19.2706,9.8623,38.7092
tim_sort,5000,reverse,float,5,0.0664,0.0593,0.074
bubble_sort,5000,almost_sorted,float,5,1028.3281,895.1126,1406.6282
bucket_sort,5000,almost_sorted,float,5,3.8799,2.4811,7.6641
comb_sort,5000,almost_sorted,float,5,13.9129,11.2837,22.1304
heap_sort,5000,almost_sorted,float,5,29.5332,16.5952,52.6
insertion_sort,5000,almost_sorted,float,5,36.5439,34.0549,38.0462
intro_sort,5000,almost_sorted,float,5,9.9887,7.535,11.2948
merge_sort,5000,almost_sorted,float,5,11.7069,10.9042,12.5996
merge_sort_iterative,5000,almost_sorted,float,5,14.5126,12.1082,17.4299
patience_sort,5000,almost_sorted,float,5,11.9265,10.285,13.3212
quick_sort,5000,almost_sorted,float,5,8.7022,6.7658,10.0794
selection_sort,5000,almost_sorted,float,5,695.013,632.3279,833.8507
shell_sort,5000,almost_sorted,float,5,12.0447,9.703,15.0057
tim_sort,5000,almost_sorted,float,5,0.1494,0.1245,0.2238
bucket_sort,10000,random,float,5,6.3869,4.9121,8.4757
comb_sort,10000,random,float,5,32.4258,31.0412,33.955
heap_sort,10000,random,float,5,42.4338,36.2572,51.8061
intro_sort,10000,random,float,5,14.8285,13.2368,17.1059
merge_sort,10000,random,float,5,29.8527,28.3723,32.3405
merge_sort_iterative,10000,random,float,5,33.4564,30.5941,36.9094
parallel_merge_sort,10000,random,float,5,287.6225,253.4054,318.0683
patience_sort,10000,random,float,5,17.2821,16.0972,18.4662
quick_sort,10000,random,float,5,16.1852,15.0112,17.5056
shell_sort,10000,random,float,5,35.3958,30.2148,38.8657
tim_sort,10000,random,float,5,1.1879,1.1188,1.325
bucket_sort,10000,sorted,float,5,5.3662,4.1198,6.2192
comb_sort,10000,sorted,float,5,18.6259,17.0948,20.565
heap_sort,10000,sorted,float,5,35.0376,34.1331,36.7169
intro_sort,10000,sorted,float,5,11.0628,8.8855,16.9593
merge_sort,10000,sorted,float,5,19.831,18.2852,23.2264
merge_sort_iterative,10000,sorted,float,5,21.3006,19.6672,22.7443
parallel_merge_sort,10000,sorted,float,5,286.8157,271.6071,295.6938
patience_sort,10000,sorted,float,5,32.8708,26.5887,38.0464
quick_sort,10000,sorted,float,5,11.0432,10.5584,11.5277
shell_sort,10000,sorted,float,5,13.7423,10.7888,22.4789
tim_sort,10000,sorted,float,5,0.1101,0.0757,0.1717
bucket_sort,10000,reverse,float,5,5.5899,4.4843,6.8606
comb_sort,10000,reverse,float,5,24.1288,21.0782,27.9624
heap_sort,10000,reverse,float,5,36.6714,31.5058,44.7121
intro_sort,10000,reverse,float,5,23.742,20.3404,28.6363
merge_sort,10000,reverse,float,5,20.2674,18.4431,22.1648
merge_sort_iterative,10000,reverse,float,5,20.77,18.3074,26.7173
parallel_merge_sort,10000,reverse,float,5,290.9883,268.595,306.0008
patience_sort,10000,reverse,float,5,6.7066,3.5288,9.4171
quick_sort,10000,reverse,float,5,23.8273,21.0062,28.3729
shell_sort,10000,reverse,float,5,24.402,20.953,29.1917
tim_sort,10000,reverse,float,5,0.1153,0.0942,0.1574
bucket_sort,10000,almost_sorted,float,5,6.0178,4.7252,7.9039
comb_sort,10000,almost_sorted,float,5,30.9273,25.5453,37.8557
heap_sort,10000,almost_sorted,float,5,37.4774,35.1628,40.1788
intro_sort,10000,almost_sorted,float,5,19.3532,17.4329,21.7512
merge_sort,10000,almost_sorted,float,5,26.9547,22.7072,31.2038
merge_sort_iterative,10000,almost_sorted,float,5,25.6058,23.3601,27.6424
parallel_merge_sort,10000,almost_sorted,float,5,268.7404,236.8458,322.5056
patience_sort,10000,almost_sorted,float,5,29.3406,26.071,30.9737
quick_sort,10000,almost_sorted,float,5,19.9298,16.2168,25.6373
shell_sort,10000,almost_sorted,float,5,22.6535,20.5779,26.9419
tim_sort,10000,almost_sorted,float,5,0.2871,0.2607,0.38
bucket_sort,50000,random,float,1,38.8885,38.8885,38.8885
comb_sort,50000,random,float,1,212.5348,212.5348,212.5348
heap_sort,50000,random,float,1,251.8028,251.8028,251.8028
intro_sort,50000,random,float,1,87.9895,87.9895,87.9895
merge_sort,50000,random,float,1,183.023,183.023,183.023
merge_sort_iterative,50000,random,float,1,218.8127,218.8127,218.8127
parallel_merge_sort,50000,random,float,1,306.2023,306.2023,306.2023
patience_sort,50000,random,float,1,121.3886,121.3886,121.3886
quick_sort,50000,random,float,1,115.3331,115.3331,115.3331
shell_sort,50000,random,float,1,234.4374,234.4374,234.4374
tim_sort,50000,random,float,1,7.1839,7.1839,7.1839
bucket_sort,50000,sorted,float,1,35.0443,35.0443,35.0443
comb_sort,50000,sorted,float,1,147.0103,147.0103,147.0103
heap_sort,50000,sorted,float,1,233.7774,233.7774,233.7774
intro_sort,50000,sorted,float,1,66.9472,66.9472,66.9472
merge_sort,50000,sorted,float,1,127.1025,127.1025,127.1025
merge_sort_iterative,50000,sorted,float,1,124.7274,124.7274,124.7274
parallel_merge_sort,50000,sorted,float,1,327.2693,327.2693,327.2693
patience_sort,50000,sorted,float,1,194.3336,194.3336,194.3336
quick_sort,50000,sorted,float,1,98.6144,98.6144,98.6144
shell_sort,50000,sorted,float,1,88.092,88.092,88.092
tim_sort,50000,sorted,float,1,0.5579,0.5579,0.5579
bucket_sort,50000,reverse,float,1,34.2588,34.2588,34.2588
comb_sort,50000,reverse,float,1,162.0845,162.0845,162.0845
heap_sort,50000,reverse,float,1,215.5108,215.5108,215.5108
intro_sort,50000,reverse,float,1,150.6196,150.6196,150.6196
merge_sort,50000,reverse,float,1,121.5011,121.5011,121.5011
merge_sort_iterative,50000,reverse,float,1,131.8625,131.8625,131.8625
parallel_merge_sort,50000,reverse,float,1,306.6894,306.6894,306.6894
patience_sort,50000,reverse,float,1,28.4855,28.4855,28.4855
quick_sort,50000,reverse,float,1,150.2017,150.2017,150.2017
shell_sort,50000,reverse,float,1,168.3986,168.3986,168.3986
tim_sort,50000,reverse,float,1,0.6045,0.6045,0.6045
bucket_sort,50000,almost_sorted,float,1,30.5019,30.5019,30.5019
comb_sort,50000,almost_sorted,float,1,247.837,247.837,247.837
heap_sort,50000,almost_sorted,float,1,263.5141,263.5141,263.5141
intro_sort,50000,almost_sorted,float,1,210.7747,210.7747,210.7747
merge_sort,50000,almost_sorted,float,1,172.075,172.075,172.075
merge_sort_iterative,50000,almost_sorted,float,1,174.2782,174.2782,174.2782
parallel_merge_sort,50000,almost_sorted,float,1,319.5496,319.5496,319.5496
patience_sort,50000,almost_sorted,float,1,252.8694,252.8694,252.8694
quick_sort,50000,almost_sorted,float,1,215.5326,215.5326,215.5326
shell_sort,50000,almost_sorted,float,1,242.029,242.029,242.029
tim_sort,50000,almost_sorted,float,1,2.2516,2.2516,2.2516
bucket_sort,100000,random,float,1,67.1753,67.1753,67.1753
comb_sort,100000,random,float,1,454.0081,454.0081,454.0081
heap_sort,100000,random,float,1,535.0758,535.0758,535.0758
intro_sort,100000,random,float,1,199.9741,199.9741,199.9741
merge_sort,100000,random,float,1,377.5864,377.5864,377.5864
merge_sort_iterative,100000,random,float,1,409.7969,409.7969,409.7969
parallel_merge_sort,100000,random,float,1,371.7799,371.7799,371.7799
patience_sort,100000,random,float,1,194.9797,194.9797,194.9797
quick_sort,100000,random,float,1,178.7656,178.7656,178.7656
shell_sort,100000,random,float,1,595.9484,595.9484,595.9484
tim_sort,100000,random,float,1,17.0658,17.0658,17.0658
bucket_sort,100000,sorted,float,1,69.0075,69.0075,69.0075
comb_sort,100000,sorted,float,1,341.908,341.908,341.908
heap_sort,100000,sorted,float,1,552.42,552.42,552.42
intro_sort,100000,sorted,float,1,181.3234,181.3234,181.3234
merge_sort,100000,sorted,float,1,250.8715,250.8715,250.8715
merge_sort_iterative,100000,sorted,float,1,303.5195,303.5195,303.5195
parallel_merge_sort,100000,sorted,float,1,336.9281,336.9281,336.9281
patience_sort,100000,sorted,float,1,485.5293,485.5293,485.5293
quick_sort,100000,sorted,float,1,213.696,213.696,213.696
shell_sort,100000,sorted,float,1,234.4134,234.4134,234.4134
tim_sort,100000,sorted,float,1,1.3088,1.3088,1.3088
bucket_sort,100000,reverse,float,1,66.0095,66.0095,66.0095
comb_sort,100000,reverse,float,1,377.6058,377.6058,377.6058
heap_sort,100000,reverse,float,1,499.1578,499.1578,499.1578
intro_sort,100000,reverse,float,1,336.2851,336.2851,336.2851
merge_sort,100000,reverse,float,1,248.3499,248.3499,248.3499
merge_sort_iterative,100000,reverse,float,1,277.2716,277.2716,277.2716
parallel_merge_sort,100000,reverse,float,1,354.2987,354.2987,354.2987
patience_sort,100000,reverse,float,1,52.0637,52.0637,52.0637
quick_sort,100000,reverse,float,1,334.9854,334.9854,334.9854
shell_sort,100000,reverse,float,1,334.7643,334.7643,334.7643
tim_sort,100000,reverse,float,1,1.3801,1.3801,1.3801
bucket_sort,100000,almost_sorted,float,1,63.8618,63.8618,63.8618
comb_sort,100000,almost_sorted,float,1,467.2434,467.2434,467.2434
heap_sort,100000,almost_sorted,float,1,576.8762,576.8762,576.8762
intro_sort,100000,almost_sorted,float,1,268.5292,268.5292,268.5292
merge_sort,100000,almost_sorted,float,1,398.1723,398.1723,398.1723
merge_sort_iterative,100000,almost_sorted,float,1,390.1748,390.1748,390.1748
parallel_merge_sort,100000,almost_sorted,float,1,341.5971,341.5971,341.5971
patience_sort,100000,almost_sorted,float,1,406.9814,406.9814,406.9814
quick_sort,100000,almost_sorted,float,1,276.9684,276.9684,276.9684
shell_sort,100000,almost_sorted,float,1,454.3258,454.3258,454.3258
tim_sort,100000,almost_sorted,float,1,5.2355,5.2355,5.2355
bubble_sort,100,random,string,200,0.5316,0.3981,2.2193
comb_sort,100,random,string,200,0.1138,0.0801,2.0132
heap_sort,100,random,string,200,0.1824,0.1383,1.7856
insertion_sort,100,random,string,200,0.2569,0.2001,1.6302
intro_sort,100,random,string,200,0.087,0.055,2.4325
merge_sort,100,random,string,200,0.1985,0.1392,2.1298
merge_sort_iterative,100,random,string,200,0.1933,0.1443,1.3332
patience_sort,100,random,string,200,0.094,0.0795,0.6846
quick_sort,100,random,string,200,0.0846,0.0631,0.238
selection_sort,100,random,string,200,0.3385,0.2313,2.5839
shell_sort,100,random,string,200,0.0931,0.0722,0.337
tim_sort,100,random,string,200,0.0065,0.0057,0.0137
bubble_sort,100,sorted,string,200,0.0058,0.0056,0.01
comb_sort,100,sorted,string,200,0.0664,0.0538,1.5544
heap_sort,100,sorted,string,200,0.1966,0.1391,1.2112
insertion_sort,100,sorted,string,200,0.0108,0.0092,0.0307
intro_sort,100,sorted,string,200,0.0346,0.0309,0.0634
merge_sort,100,sorted,string,200,0.1606,0.106,1.7579
merge_sort_iterative,100,sorted,string,200,0.1387,0.1133,0.9567
patience_sort,100,sorted,string,200,0.1326,0.1029,1.6843
quick_sort,100,sorted,string,200,0.0885,0.0601,0.8057
selection_sort,100,sorted,string,200,0.293,0.2258,3.7518
shell_sort,100,sorted,string,200,0.0398,0.0384,0.0714
tim_sort,100,sorted,string,200,0.0019,0.0011,0.0052
bubble_sort,100,reverse,string,200,0.6569,0.5077,3.3577
comb_sort,100,reverse,string,200,0.1158,0.0659,1.8043
heap_sort,100,reverse,string,200,0.1525,0.1163,1.0588
insertion_sort,100,reverse,string,200,0.543,0.381,3.2128
intro_sort,100,reverse,string,200,0.0888,0.0759,0.7033
merge_sort,100,reverse,string,200,0.2174,0.1219,2.4052
merge_sort_iterative,100,reverse,string,200,0.1558,0.1061,1.4166
patience_sort,100,reverse,string,200,0.0437,0.0341,0.2768
quick_sort,100,reverse,string,200,0.0965,0.073,0.7404
selection_sort,100,reverse,string,200,0.3141,0.2369,2.6971
shell_sort,100,reverse,string,200,0.0719,0.0579,0.9915
tim_sort,100,reverse,string,200,0.0016,0.0012,0.0043
bubble_sort,100,almost_sorted,string,200,0.3068,0.224,1.6808
comb_sort,100,almost_sorted,string,200,0.0848,0.0688,0.871
heap_sort,100,almost_sorted,string,200,0.2196,0.1468,2.2254
insertion_sort,100,almost_sorted,string,200,0.0284,0.0243,0.1443
intro_sort,100,almost_sorted,string,200,0.0577,0.0341,0.5734
merge_sort,100,almost_sorted,string,200,0.1453,0.1156,0.8189
merge_sort_iterative,100,almost_sorted,string,200,0.1929,0.1219,0.9792
patience_sort,100,almost_sorted,string,200,0.1169,0.1028,0.2779
quick_sort,100,almost_sorted,string,200,0.0876,0.0687,0.5982
selection_sort,100,almost_sorted,string,200,0.2903,0.2265,1.6554
shell_sort,100,almost_sorted,string,200,0.0634,0.047,0.4155
tim_sort,100,almost_sorted,string,200,0.0043,0.0029,0.0214
bubble_sort,1000,random,string,20,59.4215,51.6392,63.6425
comb_sort,1000,random,string,20,2.316,1.7095,4.4499
heap_sort,1000,random,string,20,2.9465,2.291,5.3944
insertion_sort,1000,random,string,20,30.5334,25.9739,41.9337
intro_sort,1000,random,string,20,1.1038,0.9049,2.5561
merge_sort,1000,random,string,20,2.9527,1.9614,5.7267
merge_sort_iterative,1000,random,string,20,2.5458,1.9991,4.9675
patience_sort,1000,random,string,20,1.3288,1.0678,3.2086
quick_sort,1000,random,string,20,1.2694,0.9936,2.8758
selection_sort,1000,random,string,20,34.9219,30.5744,44.1031
shell_sort,1000,random,string,20,2.0131,1.6104,3.7946
tim_sort,1000,random,string,20,0.1912,0.1154,0.6931
bubble_sort,1000,sorted,string,20,0.0682,0.0667,0.0723
comb_sort,1000,sorted,string,20,1.7015,1.1991,4.6751
heap_sort,1000,sorted,string,20,3.4848,2.4499,8.2327
insertion_sort,1000,sorted,string,20,0.1156,0.1068,0.1508
intro_sort,1000,sorted,string,20,0.6216,0.5529,1.4664
merge_sort,1000,sorted,string,20,1.8392,1.3612,3.6134
merge_sort_iterative,1000,sorted,string,20,1.7656,1.394,4.0831
patience_sort,1000,sorted,string,20,2.5874,1.9028,5.8596
quick_sort,1000,sorted,string,20,1.3883,0.9241,5.4648
selection_sort,1000,sorted,string,20,35.8955,29.4189,45.0295
shell_sort,1000,sorted,string,20,1.0306,0.7214,3.3219
tim_sort,1000,sorted,string,20,0.0137,0.0108,0.0195
bubble_sort,1000,reverse,string,20,79.3385,70.9218,89.3072
comb_sort,1000,reverse,string,20,2.0743,1.4818,5.2276
heap_sort,1000,reverse,string,20,3.1364,2.2413,6.071
insertion_sort,1000,reverse,string,20,57.3959,49.5144,67.5568
intro_sort,1000,reverse,string,20,2.0698,1.5496,4.794
merge_sort,1000,reverse,string,20,1.9539,1.3472,5.4939
merge_sort_iterative,1000,reverse,string,20,1.7053,1.3616,3.9193
patience_sort,1000,reverse,string,20,0.4465,0.3169,0.9836
quick_sort,1000,reverse,string,20,2.0774,1.3529,5.1024
selection_sort,1000,reverse,string,20,39.1914,29.825,55.523
shell_sort,1000,reverse,string,20,2.5006,1.4434,5.5147
tim_sort,1000,reverse,string,20,0.0178,0.0134,0.0253
bubble_sort,1000,almost_sorted,string,20,40.3704,34.0057,49.14
comb_sort,1000,almost_sorted,string,20,2.3996,1.573,4.6495
heap_sort,1000,almost_sorted,string,20,3.1376,2.4296,5.4463
insertion_sort,1000,almost_sorted,string,20,1.8089,1.5337,3.0432
intro_sort,1000,almost_sorted,string,20,1.3019,0.9945,2.9038
merge_sort,1000,almost_sorted,string,20,2.1178,1.635,5.2032
merge_sort_iterative,1000,almost_sorted,string,20,3.1694,1.736,11.9644
patience_sort,1000,almost_sorted,string,20,2.307,1.7095,5.5576
quick_sort,1000,almost_sorted,string,20,1.2361,1.1008,2.5138
selection_sort,1000,almost_sorted,string,20,33.9476,28.014,38.7298
shell_sort,1000,almost_sorted,string,20,1.8027,1.1866,3.5328
tim_sort,1000,almost_sorted,string,20,0.0497,0.0433,0.0924
bubble_sort,5000,random,string,5,1620.6119,1551.6027,1671.8886
comb_sort,5000,random,string,5,15.5361,14.7814,16.0019
heap_sort,5000,random,string,5,20.171,17.0183,23.2166
insertion_sort,5000,random,string,5,740.3614,718.9659,759.8324
intro_sort,5000,random,string,5,8.9351,6.2871,13.4056
merge_sort,5000,random,string,5,17.3636,14.7955,21.9928
merge_sort_iterative,5000,random,string,5,18.2638,15.7979,20.6919
patience_sort,5000,random,string,5,7.1235,6.2645,8.1689
quick_sort,5000,random,string,5,8.796,6.8793,10.9665
selection_sort,5000,random,string,5,921.2063,839.1457,1058.5321
shell_sort,5000,random,string,5,20.7193,16.426,32.499
tim_sort,5000,random,string,5,1.0315,0.8792,1.5321
bubble_sort,5000,sorted,string,5,0.4349,0.3675,0.5481
comb_sort,5000,sorted,string,5,11.8806,10.0901,13.0974
heap_sort,5000,sorted,string,5,20.5118,18.4216,23.6595
insertion_sort,5000,sorted,string,5,1.7462,0.6731,3.8382
intro_sort,5000,sorted,string,5,5.5526,4.3215,8.1448
merge_sort,5000,sorted,string,5,10.4891,8.9716,12.0803
merge_sort_iterative,5000,sorted,string,5,11.7988,10.2631,13.3395
patience_sort,5000,sorted,string,5,25.296,13.4796,57.2017
quick_sort,5000,sorted,string,5,7.0118,5.5589,9.6057
selection_sort,5000,sorted,string,5,922.5959,859.0509,1044.0309
shell_sort,5000,sorted,string,5,8.3475,5.4324,10.7083
tim_sort,5000,sorted,string,5,0.092,0.0741,0.1183
bubble_sort,5000,reverse,string,5,2316.8714,2107.6254,2935.9748
comb_sort,5000,reverse,string,5,14.025,11.6363,18.994
heap_sort,5000,reverse,string,5,20.6205,18.7582,25.5975
insertion_sort,5000,reverse,string,5,1558.565,1494.2803,1611.7763
intro_sort,5000,reverse,string,5,13.2989,11.4917,15.0521
merge_sort,5000,reverse,string,5,11.1877,8.2077,13.7336
merge_sort_iterative,5000,reverse,string,5,10.4592,8.8283,12.5336
patience_sort,5000,reverse,string,5,1.9011,1.7169,2.3934
quick_sort,5000,reverse,string,5,14.0815,12.4413,14.9919
selection_sort,5000,reverse,string,5,935.0469,909.2492,979.2555
shell_sort,5000,reverse,string,5,12.5754,9.5827,19.7038
tim_sort,5000,reverse,string,5,0.0788,0.0653,0.1014
bubble_sort,5000,almost_sorted,string,5,1138.3924,1114.3082,1157.0664
comb_sort,5000,almost_sorted,string,5,15.6392,14.2207,16.5799
heap_sort,5000,almost_sorted,string,5,22.3505,19.2636,30.2128
insertion_sort,5000,almost_sorted,string,5,49.3319,42.5849,57.2529
intro_sort,5000,almost_sorted,string,5,15.0581,13.0754,20.4971
merge_sort,5000,almost_sorted,string,5,13.9563,10.5171,25.281
merge_sort_iterative,5000,almost_sorted,string,5,15.5683,13.7151,17.1569
patience_sort,5000,almost_sorted,string,5,13.8596,12.1544,15.6996
quick_sort,5000,almost_sorted,string,5,12.8136,10.6021,15.1746
selection_sort,5000,almost_sorted,string,5,877.4238,861.8356,908.04
shell_sort,5000,almost_sorted,string,5,11.1231,9.1265,15.1452
tim_sort,5000,almost_sorted,string,5,0.2149,0.1947,0.2846
comb_sort,10000,random,string,5,38.1447,31.386,51.5211
heap_sort,10000,random,string,5,42.9264,39.75,45.9409
intro_sort,10000,random,string,5,18.9362,15.4339,30.1631
merge_sort,10000,random,string,5,32.1877,28.902,34.8378
merge_sort_iterative,10000,random,string,5,32.4289,28.2443,37.7164
parallel_merge_sort,10000,random,string,5,282.1172,262.1443,301.0054
patience_sort,10000,random,string,5,22.1184,16.8491,29.7912
quick_sort,10000,random,string,5,19.1517,16.4647,20.9102
shell_sort,10000,random,string,5,36.1782,33.4882,40.9639
tim_sort,10000,random,string,5,2.2509,1.8843,3.0032
comb_sort,10000,sorted,string,5,26.7775,22.581,32.933
heap_sort,10000,sorted,string,5,42.5816,38.1559,44.709
intro_sort,10000,sorted,string,5,11.8755,9.2964,16.1977
merge_sort,10000,sorted,string,5,20.9961,18.1075,24.4052
merge_sort_iterative,10000,sorted,string,5,26.0058,21.469,33.71
parallel_merge_sort,10000,sorted,string,5,251.5476,207.7744,298.561
patience_sort,10000,sorted,string,5,37.0778,31.289,50.1822
quick_sort,10000,sorted,string,5,15.3619,14.4774,16.5108
shell_sort,10000,sorted,string,5,17.3328,14.1484,25.3767
tim_sort,10000,sorted,string,5,0.1705,0.1501,0.2322
comb_sort,10000,reverse,string,5,27.6484,24.7556,30.6079
heap_sort,10000,reverse,string,5,37.2032,34.4648,41.5753
intro_sort,10000,reverse,string,5,28.741,27.8968,30.3321
merge_sort,10000,reverse,string,5,21.7081,18.8286,25.419
merge_sort_iterative,10000,reverse,string,5,19.8919,18.1415,22.7498
parallel_merge_sort,10000,reverse,string,5,324.906,263.0366,432.2162
patience_sort,10000,reverse,string,5,6.4213,4.3275,10.2532
quick_sort,10000,reverse,string,5,30.538,29.7967,31.7639
shell_sort,10000,reverse,string,5,24.4918,21.2554,28.786
tim_sort,10000,reverse,string,5,0.1852,0.1627,0.2524
comb_sort,10000,almost_sorted,string,5,40.2095,32.1882,45.8243
heap_sort,10000,almost_sorted,string,5,45.0426,41.6922,47.9424
intro_sort,10000,almost_sorted,string,5,33.1682,26.2141,39.8498
merge_sort,10000,almost_sorted,string,5,33.2872,29.0732,37.2303
merge_sort_iterative,10000,almost_sorted,string,5,34.2823,30.5746,37.987
parallel_merge_sort,10000,almost_sorted,string,5,276.3081,215.005,314.006
patience_sort,10000,almost_sorted,string,5,34.1599,29.6527,39.2751
quick_sort,10000,almost_sorted,string,5,28.6866,25.9113,35.3707
shell_sort,10000,almost_sorted,string,5,25.5253,24.4304,26.7316
tim_sort,10000,almost_sorted,string,5,0.4651,0.4332,0.5407
comb_sort,50000,random,string,1,240.9502,240.9502,240.9502
heap_sort,50000,random,string,1,261.9081,261.9081,261.9081
intro_sort,50000,random,string,1,91.9566,91.9566,91.9566
merge_sort,50000,random,string,1,199.6648,199.6648,199.6648
merge_sort_iterative,50000,random,string,1,215.0156,215.0156,215.0156
parallel_merge_sort,50000,random,string,1,295.1058,295.1058,295.1058
patience_sort,50000,random,string,1,108.8597,108.8597,108.8597
quick_sort,50000,random,string,1,110.3944,110.3944,110.3944
shell_sort,50000,random,string,1,289.8413,289.8413,289.8413
tim_sort,50000,random,string,1,20.8218,20.8218,20.8218
comb_sort,50000,sorted,string,1,173.2488,173.2488,173.2488
heap_sort,50000,sorted,string,1,271.5997,271.5997,271.5997
intro_sort,50000,sorted,string,1,74.4349,74.4349,74.4349
merge_sort,50000,sorted,string,1,129.0336,129.0336,129.0336
merge_sort_iterative,50000,sorted,string,1,161.6539,161.6539,161.6539
parallel_merge_sort,50000,sorted,string,1,328.9415,328.9415,328.9415
patience_sort,50000,sorted,string,1,252.1689,252.1689,252.1689
quick_sort,50000,sorted,string,1,111.551,111.551,111.551
shell_sort,50000,sorted,string,1,136.5903,136.5903,136.5903
tim_sort,50000,sorted,string,1,1.306,1.306,1.306
comb_sort,50000,reverse,string,1,362.9321,362.9321,362.9321
heap_sort,50000,reverse,string,1,308.49,308.49,308.49
intro_sort,50000,reverse,string,1,187.4757,187.4757,187.4757
merge_sort,50000,reverse,string,1,118.0114,118.0114,118.0114
merge_sort_iterative,50000,reverse,string,1,143.1071,143.1071,143.1071
parallel_merge_sort,50000,reverse,string,1,324.4913,324.4913,324.4913
patience_sort,50000,reverse,string,1,26.3249,26.3249,26.3249
quick_sort,50000,reverse,string,1,198.5173,198.5173,198.5173
shell_sort,50000,reverse,string,1,206.4351,206.4351,206.4351
tim_sort,50000,reverse,string,1,1.269,1.269,1.269
comb_sort,50000,almost_sorted,string,1,384.9856,384.9856,384.9856
heap_sort,50000,almost_sorted,string,1,316.9376,316.9376,316.9376
intro_sort,50000,almost_sorted,string,1,329.9686,329.9686,329.9686
merge_sort,50000,almost_sorted,string,1,197.514,197.514,197.514
merge_sort_iterative,50000,almost_sorted,string,1,203.9864,203.9864,203.9864
parallel_merge_sort,50000,almost_sorted,string,1,320.221,320.221,320.221
patience_sort,50000,almost_sorted,string,1,215.5696,215.5696,215.5696
quick_sort,50000,almost_sorted,string,1,213.0087,213.0087,213.0087
shell_sort,50000,almost_sorted,string,1,239.0885,239.0885,239.0885
tim_sort,50000,almost_sorted,string,1,10.3452,10.3452,10.3452
comb_sort,100000,random,string,1,821.004,821.004,821.004
heap_sort,100000,random,string,1,662.5404,662.5404,662.5404
intro_sort,100000,random,string,1,248.0792,248.0792,248.0792
merge_sort,100000,random,string,1,422.2128,422.2128,422.2128
merge_sort_iterative,100000,random,string,1,439.0104,439.0104,439.0104
parallel_merge_sort,100000,random,string,1,381.9609,381.9609,381.9609
patience_sort,100000,random,string,1,247.9683,247.9683,247.9683
quick_sort,100000,random,string,1,234.3007,234.3007,234.3007
shell_sort,100000,random,string,1,725.7417,725.7417,725.7417
tim_sort,100000,random,string,1,27.4569,27.4569,27.4569
comb_sort,100000,sorted,string,1,496.284,496.284,496.284
heap_sort,100000,sorted,string,1,570.9153,570.9153,570.9153
intro_sort,100000,sorted,string,1,158.9844,158.9844,158.9844
merge_sort,100000,sorted,string,1,295.2657,295.2657,295.2657
merge_sort_iterative,100000,sorted,string,1,326.6901,326.6901,326.6901
parallel_merge_sort,100000,sorted,string,1,336.5441,336.5441,336.5441
patience_sort,100000,sorted,string,1,482.9262,482.9262,482.9262
quick_sort,100000,sorted,string,1,324.203,324.203,324.203
shell_sort,100000,sorted,string,1,520.8149,520.8149,520.8149
tim_sort,100000,sorted,string,1,7.3676,7.3676,7.3676
comb_sort,100000,reverse,string,1,575.2034,575.2034,575.2034
heap_sort,100000,reverse,string,1,585.6403,585.6403,585.6403
intro_sort,100000,reverse,string,1,424.6314,424.6314,424.6314
merge_sort,100000,reverse,string,1,309.6521,309.6521,309.6521
merge_sort_iterative,100000,reverse,string,1,311.8139,311.8139,311.8139
parallel_merge_sort,100000,reverse,string,1,362.2144,362.2144,362.2144
patience_sort,100000,reverse,string,1,62.2361,62.2361,62.2361
quick_sort,100000,reverse,string,1,416.3645,416.3645,416.3645
shell_sort,100000,reverse,string,1,412.0019,412.0019,412.0019
tim_sort,100000,reverse,string,1,3.458,3.458,3.458
comb_sort,100000,almost_sorted,string,1,583.0314,583.0314,583.0314
heap_sort,100000,almost_sorted,string,1,602.8535,602.8535,602.8535
intro_sort,100000,almost_sorted,string,1,342.4664,342.4664,342.4664
merge_sort,100000,almost_sorted,string,1,379.6659,379.6659,379.6659
merge_sort_iterative,100000,almost_sorted,string,1,458.2823,458.2823,458.2823
parallel_merge_sort,100000,almost_sorted,string,1,365.501,365.501,365.501
patience_sort,100000,almost_sorted,string,1,477.4567,477.4567,477.4567
quick_sort,100000,almost_sorted,string,1,311.123,311.123,311.123
shell_sort,100000,almost_sorted,string,1,498.1499,498.1499,498.1499
tim_sort,100000,almost_sorted,string,1,10.2432,10.2432,10.2432
